Project URL,SHA Detected,Module Path,Fully-Qualified Test Name (packageName.ClassName.methodName),Category,Status,PR Link,Notes
https://github.com/aim42/htmlSanityCheck,619caf4fadb53a797d4ed68027ce3f3704fe6a03,.,org.aim42.htmlsanitycheck.check.BrokenCrossReferencesCheckerTest.testTwoBrokenLinks,ID,Accepted,https://github.com/aim42/htmlSanityCheck/pull/311,
https://github.com/androidjp/spring-boot-gradle-redis-web,c94f7f7bb1c28a8a7c44c39c5fc593fa579252e2,.,com.jp.springbootgradleredisweb.SpringBootGradleRedisWebApplicationTests.contextLoads,NOD,,,
https://github.com/azurite-engine/Azurite,46b86b533e3cdd7623137df32a31fc4052ac043e,.,java.io.xml.XMLParserTest.parse,ID,Accepted,https://github.com/azurite-engine/Azurite/pull/91,
https://github.com/bb4/bb4-games,3568de98f992f6d4b07df468cdedfa19643f7b45,.,com.barrybecker4.game.twoplayer.common.search.strategy.UctNodeTest.testConstructionOfNodeWithNoChildren,ID,,,
https://github.com/bb4/bb4-games,3568de98f992f6d4b07df468cdedfa19643f7b45,.,com.barrybecker4.game.twoplayer.mancala.move.MoveMakerTest.testCrazyP1Combo,ID,,,
https://github.com/bb4/bb4-games,3568de98f992f6d4b07df468cdedfa19643f7b45,.,com.barrybecker4.game.twoplayer.mancala.move.MoveMakerTest.testFinalPlayer1MoveInHomeBin,ID,,,
https://github.com/bb4/bb4-games,3568de98f992f6d4b07df468cdedfa19643f7b45,.,com.barrybecker4.game.twoplayer.mancala.move.MoveMakerTest.testFinalPlayer1MoveOnPlayersSide,ID,,,
https://github.com/bb4/bb4-games,3568de98f992f6d4b07df468cdedfa19643f7b45,.,com.barrybecker4.game.twoplayer.mancala.move.MoveMakerTest.testFinalPlayer2MoveInHomeBin,ID,,,
https://github.com/bb4/bb4-games,3568de98f992f6d4b07df468cdedfa19643f7b45,.,com.barrybecker4.game.twoplayer.mancala.move.MoveMakerTest.testFinalPlayer2MoveOnPlayersSide,ID,,,
https://github.com/bb4/bb4-games,3568de98f992f6d4b07df468cdedfa19643f7b45,.,com.barrybecker4.game.twoplayer.mancala.move.MoveMakerTest.testPlayer1CapturingMove,ID,,,
https://github.com/bb4/bb4-games,3568de98f992f6d4b07df468cdedfa19643f7b45,.,com.barrybecker4.game.twoplayer.mancala.move.MoveMakerTest.testPlayer2CapturingMove,ID,,,
https://github.com/beryx/badass-jlink-plugin,f293e39fcf481e755a03ab7267f6fe55657bcaaf,.,"org.beryx.jlink.JlinkPluginSpec.""should adjust qualified opens in module-info""",NOD,,,
https://github.com/beryx/badass-jlink-plugin,f293e39fcf481e755a03ab7267f6fe55657bcaaf,.,"org.beryx.jlink.JlinkPluginSpec.""should be compatible with the new JPMS features introduced in Gradle 6.4""",NOD,,,
https://github.com/beryx/badass-jlink-plugin,f293e39fcf481e755a03ab7267f6fe55657bcaaf,.,"org.beryx.jlink.JlinkPluginSpec.""should create image of project with local dependencies""",NOD,,,
https://github.com/beryx/badass-jlink-plugin,f293e39fcf481e755a03ab7267f6fe55657bcaaf,.,"org.beryx.jlink.JlinkPluginSpec.""should create image of project with multiple launchers""",NOD,,,
https://github.com/beryx/badass-jlink-plugin,f293e39fcf481e755a03ab7267f6fe55657bcaaf,.,"org.beryx.jlink.JlinkPluginSpec.""should create runtime image of project hello-javafx with Gradle 7.0""",NOD,,,
https://github.com/beryx/badass-jlink-plugin,f293e39fcf481e755a03ab7267f6fe55657bcaaf,.,"org.beryx.jlink.JlinkPluginSpec.""should create runtime image of project hello-javafx-log4j-2.11.1 with Gradle 7.6""",NOD,,,
https://github.com/beryx/badass-jlink-plugin,f293e39fcf481e755a03ab7267f6fe55657bcaaf,.,"org.beryx.jlink.JlinkPluginSpec.""should create runtime image of project with BOM""",NOD,,,
https://github.com/beryx/badass-jlink-plugin,f293e39fcf481e755a03ab7267f6fe55657bcaaf,.,"org.beryx.jlink.JlinkPluginSpec.""should execute task with Gradle 7.0, moduleName=modular.example.hello, launcherName=run-hello, mainClass='' and mergedModuleName=org.example.my.test.merged.module""",NOD,,,
https://github.com/beryx/badass-jlink-plugin,f293e39fcf481e755a03ab7267f6fe55657bcaaf,.,"org.beryx.jlink.JlinkPluginSpec.""should execute task with Gradle 7.0, moduleName=modular.example.hello, launcherName=run-hello, mainClass=org.example.modular.Hello and mergedModuleName=null""",NOD,,,
https://github.com/beryx/badass-jlink-plugin,f293e39fcf481e755a03ab7267f6fe55657bcaaf,.,"org.beryx.jlink.JlinkPluginSpec.""should execute task with Gradle 7.2, moduleName=null, launcherName=null, mainClass=org.example.modular.Hello and mergedModuleName=null""",NOD,,,
https://github.com/beryx/badass-jlink-plugin,f293e39fcf481e755a03ab7267f6fe55657bcaaf,.,"org.beryx.jlink.JlinkPluginSpec.""should execute task with Gradle 7.6, moduleName=modular.example.hello, launcherName=null, mainClass=null and mergedModuleName=null""",NOD,,,
https://github.com/beryx/badass-jlink-plugin,f293e39fcf481e755a03ab7267f6fe55657bcaaf,.,"org.beryx.jlink.JlinkPluginSpec.""should execute task with Gradle 7.6, moduleName=modular.example.hello, launcherName=run-hello, mainClass=null and mergedModuleName=null""",NOD,,,
https://github.com/beryx/badass-jlink-plugin,f293e39fcf481e755a03ab7267f6fe55657bcaaf,.,"org.beryx.jlink.JlinkPluginSpec.""should execute task with Gradle 7.6, moduleName=null, launcherName=null, mainClass=null and mergedModuleName=null""",NOD,,,
https://github.com/beryx/badass-jlink-plugin,f293e39fcf481e755a03ab7267f6fe55657bcaaf,.,"org.beryx.jlink.SuggestMergedModuleInfoSpec.""should display the correct module-info for the merged module in build.additive.gradle with groovy flavor using Gradle 7.6""",NOD,,,
https://github.com/beryx/badass-jlink-plugin,f293e39fcf481e755a03ab7267f6fe55657bcaaf,.,"org.beryx.jlink.SuggestMergedModuleInfoSpec.""should display the correct module-info for the merged module in build.additive.gradle with java flavor using Gradle 7.6""",NOD,,,
https://github.com/beryx/badass-jlink-plugin,f293e39fcf481e755a03ab7267f6fe55657bcaaf,.,"org.beryx.jlink.SuggestMergedModuleInfoSpec.""should display the correct module-info for the merged module in build.additive.gradle with kotlin flavor using Gradle 7.0""",NOD,,,
https://github.com/beryx/badass-jlink-plugin,f293e39fcf481e755a03ab7267f6fe55657bcaaf,.,"org.beryx.jlink.SuggestMergedModuleInfoSpec.""should display the correct module-info for the merged module in build.gradle with groovy flavor using Gradle 7.0""",NOD,,,
https://github.com/beryx/badass-jlink-plugin,f293e39fcf481e755a03ab7267f6fe55657bcaaf,.,"org.beryx.jlink.SuggestMergedModuleInfoSpec.""should display the correct module-info for the merged module in build.gradle with java flavor using Gradle 7.2""",NOD,,,
https://github.com/beryx/badass-jlink-plugin,f293e39fcf481e755a03ab7267f6fe55657bcaaf,.,"org.beryx.jlink.SuggestMergedModuleInfoSpec.""should display the correct module-info for the merged module in build.gradle with kotlin flavor using Gradle 7.6""",NOD,,,
https://github.com/beryx/badass-runtime-plugin,862f6ea5290ac09c29bdc455714ff071f3705336,.,"org.beryx.runtime.RuntimePluginSpec.""if modules=null, then buildSucceeds=true and runSucceeds=true with Gradle 7.6""",NOD,,,
https://github.com/beryx/badass-runtime-plugin,862f6ea5290ac09c29bdc455714ff071f3705336,.,"org.beryx.runtime.RuntimePluginSpec.""if modules=[java.base], then buildSucceeds=true and runSucceeds=false with Gradle 7.0""",NOD,,,
https://github.com/beryx/badass-runtime-plugin,862f6ea5290ac09c29bdc455714ff071f3705336,.,"org.beryx.runtime.RuntimePluginSpec.""if modules=[java.naming, java.xml, java.logging], then buildSucceeds=true and runSucceeds=true with Gradle 7.0""",NOD,,,
https://github.com/beryx/badass-runtime-plugin,862f6ea5290ac09c29bdc455714ff071f3705336,.,"org.beryx.runtime.RuntimePluginSpec.""if modules=[java.naming, java.xml], then buildSucceeds=true and runSucceeds=true with Gradle 7.6""",NOD,,,
https://github.com/beryx/badass-runtime-plugin,862f6ea5290ac09c29bdc455714ff071f3705336,.,"org.beryx.runtime.RuntimePluginSpec.""if modules=[java.naming], then buildSucceeds=true and runSucceeds=false with Gradle 7.0""",NOD,,,
https://github.com/beryx/badass-runtime-plugin,862f6ea5290ac09c29bdc455714ff071f3705336,.,"org.beryx.runtime.RuntimePluginSpec.""if modules=[], then buildSucceeds=true and runSucceeds=true with Gradle 7.6""",NOD,,,
https://github.com/beryx/badass-runtime-plugin,862f6ea5290ac09c29bdc455714ff071f3705336,.,"org.beryx.runtime.SuggestModulesSpec.""should suggest the correct list of modules",NOD,,,
https://github.com/bhuemer/gbt,e8b13f62ef8e544200b16892306a874c4cf6bf8b,.,com.github.bhuemer.gbt.ScalaPluginTest.compileDottyProjects,NOD,,,
https://github.com/bhuemer/gbt,e8b13f62ef8e544200b16892306a874c4cf6bf8b,.,com.github.bhuemer.gbt.ScalaPluginTest.compileScalaClassFilesAreIncludedInJarFiles,NOD,,,
https://github.com/bhuemer/gbt,e8b13f62ef8e544200b16892306a874c4cf6bf8b,.,com.github.bhuemer.gbt.ScalaPluginTest.compileScalaProducesClassFiles,NOD,,,
https://github.com/bhuemer/gbt,e8b13f62ef8e544200b16892306a874c4cf6bf8b,.,com.github.bhuemer.gbt.ScalaPluginTest.compileScalaWorksWithScala213,NOD,,,
https://github.com/bhuemer/gbt,e8b13f62ef8e544200b16892306a874c4cf6bf8b,.,com.github.bhuemer.gbt.ScalaPluginTest.compileScalaWorksWithScala301,NOD,,,
https://github.com/bhuemer/gbt,e8b13f62ef8e544200b16892306a874c4cf6bf8b,.,com.github.bhuemer.gbt.ScalaPluginTest.compileTestScalaDependsOnCompileScala,NOD,,,
https://github.com/bhuemer/gbt,e8b13f62ef8e544200b16892306a874c4cf6bf8b,.,com.github.bhuemer.gbt.ScalaPluginTest.compileWithoutScalaLibrary,NOD,,,
https://github.com/bhuemer/gbt,e8b13f62ef8e544200b16892306a874c4cf6bf8b,.,com.github.bhuemer.gbt.ScalaPluginTest.compileWithWrongScalaVersion,NOD,,,
https://github.com/carlos-velasco/JetBrainsAcademy-MusicAdvisor,190d81920d9ccead567808fa0f03cbc5b4a38e63,.,advisor.authentication.SpotifyAccessTokenFetcherTest.givenQueryToRedirectUriContainsAccessCode_whenFetchingTheAccessCode_thenItIsReturned,ID,,,
https://github.com/carlos-velasco/JetBrainsAcademy-MusicAdvisor,190d81920d9ccead567808fa0f03cbc5b4a38e63,.,advisor.authentication.SpotifyAccessTokenFetcherTest.givenQueryToRedirectUriDoesNotContainAccessCode_whenFetchingTheAccessCode_thenResponseContainsCorrectMessage,ID,,,
https://github.com/carlos-velasco/JetBrainsAcademy-MusicAdvisor,190d81920d9ccead567808fa0f03cbc5b4a38e63,.,advisor.authentication.SpotifyAccessTokenFetcherTest.givenValidResponse_whenRequestingAccessToken_thenCallDoneWithCorrectHeaderAndBody,ID,,,
https://github.com/carlos-velasco/JetBrainsAcademy-MusicAdvisor,190d81920d9ccead567808fa0f03cbc5b4a38e63,.,advisor.authentication.SpotifyAccessTokenFetcherTest.givenValidResponse_whenRequestingAccessToken_thenSuccessfulMessagesAndAccessTokenArePrinted,ID,,,
https://github.com/corda/corda-gradle-plugins,3d5218466ad3b5ad129cce1a957a6befdcaef4f2,quasar-utils,net.corda.plugins.quasar.QuasarNoInstrumentTest.testUninstrumentedJavaExec,NOD,,,
https://github.com/corda/corda-gradle-plugins,3d5218466ad3b5ad129cce1a957a6befdcaef4f2,quasar-utils,net.corda.plugins.quasar.QuasarNoInstrumentTest.testUninstrumentedTests,NOD,,,
https://github.com/corda/corda-gradle-plugins,3d5218466ad3b5ad129cce1a957a6befdcaef4f2,quasar-utils,net.corda.plugins.quasar.QuasarPluginTest.checkAddingExclusionsWithoutAnyDefaults,NOD,,,
https://github.com/corda/corda-gradle-plugins,3d5218466ad3b5ad129cce1a957a6befdcaef4f2,quasar-utils,net.corda.plugins.quasar.QuasarPluginTest.checkDefaultExclusionsCanBeReplaced,NOD,,,
https://github.com/corda/corda-gradle-plugins,3d5218466ad3b5ad129cce1a957a6befdcaef4f2,quasar-utils,net.corda.plugins.quasar.QuasarPluginTest.checkJVMArgsAddedForTests,NOD,,,
https://github.com/corda/corda-gradle-plugins,3d5218466ad3b5ad129cce1a957a6befdcaef4f2,quasar-utils,net.corda.plugins.quasar.QuasarPluginTest.checkOverriddenExclusionsAreUsed,NOD,,,
https://github.com/corda/corda-gradle-plugins,3d5218466ad3b5ad129cce1a957a6befdcaef4f2,quasar-utils,net.corda.plugins.quasar.QuasarPluginTest.testEnableDebugOption,NOD,,,
https://github.com/corda/corda-gradle-plugins,3d5218466ad3b5ad129cce1a957a6befdcaef4f2,quasar-utils,net.corda.plugins.quasar.QuasarPluginTest.testEnableVerboseOption,NOD,,,
https://github.com/corda/corda-gradle-plugins,3d5218466ad3b5ad129cce1a957a6befdcaef4f2,quasar-utils,net.corda.plugins.quasar.QuasarPluginTest.testExcludeClassLoaders,NOD,,,
https://github.com/danwallach/star-vote-gradle,e4a76205fcaf9a196485d467f2887df43fc04d13,.,sexpression.test.ASEConverterTest.testReciprocity,ID,,,
https://github.com/danwallach/star-vote-gradle,e4a76205fcaf9a196485d467f2887df43fc04d13,.,sexpression.test.ASEConverterTest.testToASE,ID,,,
https://github.com/diffplug/goomph,f854b11ba51ebd97ba88d1369d7f2e913d6ab58d,.,com.diffplug.gradle.p2.P2ModelTest.testMirrorAntFile,ID,,,
https://github.com/diffplug/goomph,f854b11ba51ebd97ba88d1369d7f2e913d6ab58d,.,com.diffplug.gradle.p2.P2ModelTest.testMirrorAntFileWithAppend,ID,,,
https://github.com/diffplug/goomph,f854b11ba51ebd97ba88d1369d7f2e913d6ab58d,.,com.diffplug.gradle.p2.P2ModelTest.testMirrorAntFileWithAppendDefault,ID,,,
https://github.com/diffplug/goomph,f854b11ba51ebd97ba88d1369d7f2e913d6ab58d,.,com.diffplug.gradle.p2.P2ModelTest.testMirrorAntFileWithSlicingOptions,ID,,,
https://github.com/gbzarelli/quaklog-api,fae981b8c32397dd5c588f0fd6ba2585a0496d6b,core,br.com.helpdev.quaklog.entity.GameTest.shouldBuildGameWithSuccess,ID,,,
https://github.com/GoogleContainerTools/jib,cbf7ae9591e0103c6dd6bd249a6b3c0e1dad9329,jib-core,com.google.cloud.tools.jib.builder.steps.BuildManifestListOrSingleManifestStepTest.testCall_manifestList,ID,,,
https://github.com/GoogleContainerTools/jib,cbf7ae9591e0103c6dd6bd249a6b3c0e1dad9329,jib-core,com.google.cloud.tools.jib.builder.steps.BuildManifestListOrSingleManifestStepTest.testCall_singleManifest,ID,,,
https://github.com/GoogleContainerTools/jib,cbf7ae9591e0103c6dd6bd249a6b3c0e1dad9329,jib-core,com.google.cloud.tools.jib.builder.steps.PushImageStepTest.testMakeListForManifestList,ID,,,
https://github.com/GoogleContainerTools/jib,cbf7ae9591e0103c6dd6bd249a6b3c0e1dad9329,jib-core,com.google.cloud.tools.jib.builder.steps.PushImageStepTest.testMakeList_multiPlatform_nonPlatformTags,ID,,,
https://github.com/GoogleContainerTools/jib,cbf7ae9591e0103c6dd6bd249a6b3c0e1dad9329,jib-cli,com.google.cloud.tools.jib.cli.BuildTest.testParse_incompatibleCredentialOptions[5],ID,Accepted,https://github.com/GoogleContainerTools/jib/pull/4103,
https://github.com/GoogleContainerTools/jib,cbf7ae9591e0103c6dd6bd249a6b3c0e1dad9329,jib-cli,com.google.cloud.tools.jib.cli.BuildTest.testParse_incompatibleCredentialOptions[6],ID,Accepted,https://github.com/GoogleContainerTools/jib/pull/4103,
https://github.com/GoogleContainerTools/jib,cbf7ae9591e0103c6dd6bd249a6b3c0e1dad9329,jib-cli,com.google.cloud.tools.jib.cli.BuildTest.testParse_incompatibleCredentialOptions[7],ID,Accepted,https://github.com/GoogleContainerTools/jib/pull/4103,
https://github.com/GoogleContainerTools/jib,cbf7ae9591e0103c6dd6bd249a6b3c0e1dad9329,jib-cli,com.google.cloud.tools.jib.cli.BuildTest.testParse_incompatibleCredentialOptions[8],ID,Accepted,https://github.com/GoogleContainerTools/jib/pull/4103,
https://github.com/GoogleContainerTools/jib,cbf7ae9591e0103c6dd6bd249a6b3c0e1dad9329,jib-cli,com.google.cloud.tools.jib.cli.JarTest.testParse_incompatibleCredentialOptions[5],ID,Accepted,https://github.com/GoogleContainerTools/jib/pull/4093,
https://github.com/GoogleContainerTools/jib,cbf7ae9591e0103c6dd6bd249a6b3c0e1dad9329,jib-cli,com.google.cloud.tools.jib.cli.JarTest.testParse_incompatibleCredentialOptions[6],ID,Accepted,https://github.com/GoogleContainerTools/jib/pull/4093,
https://github.com/GoogleContainerTools/jib,cbf7ae9591e0103c6dd6bd249a6b3c0e1dad9329,jib-cli,com.google.cloud.tools.jib.cli.JarTest.testParse_incompatibleCredentialOptions[7],ID,Accepted,https://github.com/GoogleContainerTools/jib/pull/4093,
https://github.com/GoogleContainerTools/jib,cbf7ae9591e0103c6dd6bd249a6b3c0e1dad9329,jib-cli,com.google.cloud.tools.jib.cli.JarTest.testParse_incompatibleCredentialOptions[8],ID,Accepted,https://github.com/GoogleContainerTools/jib/pull/4093,
https://github.com/GoogleContainerTools/jib,cbf7ae9591e0103c6dd6bd249a6b3c0e1dad9329,jib-cli,com.google.cloud.tools.jib.cli.WarTest.testParse_incompatibleCredentialOptions[5],ID,Accepted,https://github.com/GoogleContainerTools/jib/pull/4103,
https://github.com/GoogleContainerTools/jib,cbf7ae9591e0103c6dd6bd249a6b3c0e1dad9329,jib-cli,com.google.cloud.tools.jib.cli.WarTest.testParse_incompatibleCredentialOptions[6],ID,Accepted,https://github.com/GoogleContainerTools/jib/pull/4103,
https://github.com/GoogleContainerTools/jib,cbf7ae9591e0103c6dd6bd249a6b3c0e1dad9329,jib-cli,com.google.cloud.tools.jib.cli.WarTest.testParse_incompatibleCredentialOptions[7],ID,Accepted,https://github.com/GoogleContainerTools/jib/pull/4103,
https://github.com/GoogleContainerTools/jib,cbf7ae9591e0103c6dd6bd249a6b3c0e1dad9329,jib-cli,com.google.cloud.tools.jib.cli.WarTest.testParse_incompatibleCredentialOptions[8],ID,Accepted,https://github.com/GoogleContainerTools/jib/pull/4103,
https://github.com/GoogleContainerTools/jib,cbf7ae9591e0103c6dd6bd249a6b3c0e1dad9329,jib-core,com.google.cloud.tools.jib.docker.json.DockerManifestEntryTemplateTest.testToJson,ID,,,
https://github.com/GoogleContainerTools/jib,cbf7ae9591e0103c6dd6bd249a6b3c0e1dad9329,jib-core,com.google.cloud.tools.jib.image.ImageTarballTest.testWriteTo_oci,ID,,,
https://github.com/GoogleContainerTools/jib,cbf7ae9591e0103c6dd6bd249a6b3c0e1dad9329,jib-core,com.google.cloud.tools.jib.image.json.ContainerConfigurationTemplateTest.testToJson,ID,,,
https://github.com/GoogleContainerTools/jib,cbf7ae9591e0103c6dd6bd249a6b3c0e1dad9329,jib-core,com.google.cloud.tools.jib.image.json.ImageToJsonTranslatorTest.testGetContainerConfiguration,ID,,,
https://github.com/GoogleContainerTools/jib,cbf7ae9591e0103c6dd6bd249a6b3c0e1dad9329,jib-core,com.google.cloud.tools.jib.image.json.ImageToJsonTranslatorTest.testGetManifest_oci,ID,,,
https://github.com/GoogleContainerTools/jib,cbf7ae9591e0103c6dd6bd249a6b3c0e1dad9329,jib-core,com.google.cloud.tools.jib.image.json.ImageToJsonTranslatorTest.testGetManifest_v22,ID,,,
https://github.com/GoogleContainerTools/jib,cbf7ae9591e0103c6dd6bd249a6b3c0e1dad9329,jib-core,com.google.cloud.tools.jib.image.json.ManifestListGeneratorTest.testGetManifestListTemplate,ID,,,
https://github.com/GoogleContainerTools/jib,cbf7ae9591e0103c6dd6bd249a6b3c0e1dad9329,jib-core,com.google.cloud.tools.jib.image.json.OciIndexTemplateTest.testToJson,ID,,,
https://github.com/GoogleContainerTools/jib,cbf7ae9591e0103c6dd6bd249a6b3c0e1dad9329,jib-core,com.google.cloud.tools.jib.image.json.OciIndexTemplateTest.testToJsonWithPlatform,ID,,,
https://github.com/GoogleContainerTools/jib,cbf7ae9591e0103c6dd6bd249a6b3c0e1dad9329,jib-core,com.google.cloud.tools.jib.image.json.OciManifestTemplateTest.testToJson,ID,,,
https://github.com/GoogleContainerTools/jib,cbf7ae9591e0103c6dd6bd249a6b3c0e1dad9329,jib-core,com.google.cloud.tools.jib.image.json.V22ManifestTemplateTest.testToJson,ID,,,
https://github.com/GoogleContainerTools/jib,cbf7ae9591e0103c6dd6bd249a6b3c0e1dad9329,jib-core,com.google.cloud.tools.jib.json.JsonTemplateMapperTest.testToBlob_listOfJson,ID,,,
https://github.com/GoogleContainerTools/jib,cbf7ae9591e0103c6dd6bd249a6b3c0e1dad9329,jib-core,com.google.cloud.tools.jib.json.JsonTemplateMapperTest.testWriteJson,ID,,,
https://github.com/GoogleContainerTools/jib,cbf7ae9591e0103c6dd6bd249a6b3c0e1dad9329,jib-plugins-common,com.google.cloud.tools.jib.plugins.common.globalconfig.GlobalConfigTest.testReadConfig_newConfigCreated,ID,,,
https://github.com/GoogleContainerTools/jib,cbf7ae9591e0103c6dd6bd249a6b3c0e1dad9329,jib-plugins-common,com.google.cloud.tools.jib.plugins.common.SkaffoldFilesOutputTest.testGetJsonString,ID,,,
https://github.com/GoogleContainerTools/jib,cbf7ae9591e0103c6dd6bd249a6b3c0e1dad9329,jib-plugins-common,com.google.cloud.tools.jib.plugins.common.SkaffoldFilesOutputTest.testGetJsonString_empty,ID,,,
https://github.com/GoogleContainerTools/jib,cbf7ae9591e0103c6dd6bd249a6b3c0e1dad9329,jib-plugins-common,com.google.cloud.tools.jib.plugins.common.SkaffoldSyncMapTemplateTest.testGetJsonString,ID,,,
https://github.com/GoogleContainerTools/jib,cbf7ae9591e0103c6dd6bd249a6b3c0e1dad9329,jib-plugins-common,com.google.cloud.tools.jib.plugins.common.SkaffoldSyncMapTemplateTest.testGetJsonString_emptyGenerated,ID,,,
https://github.com/GoogleContainerTools/jib,cbf7ae9591e0103c6dd6bd249a6b3c0e1dad9329,jib-core,com.google.cloud.tools.jib.registry.ManifestPusherTest.testGetContent,ID,,,
https://github.com/HankLi0130/MicroservicesDemo,061d266b8bdede5af966778d7fe4ef30c4faa203,account-service,tw.hankli.accountservice.AccountServiceApplicationTests.contextLoads,NOD,,,please run this project using NonDex v1.2 and Java 8
https://github.com/HankLi0130/MicroservicesDemo,061d266b8bdede5af966778d7fe4ef30c4faa203,customer-service,tw.hankli.customerservice.CustomerServiceApplicationTests.contextLoads,NOD,,,please run this project using NonDex v1.2 and Java 8
https://github.com/HankLi0130/MicroservicesDemo,061d266b8bdede5af966778d7fe4ef30c4faa203,discovery-service,tw.hankli.discoveryservice.DiscoveryServiceApplicationTests.contextLoads,NOD,,,please run this project using NonDex v1.2 and Java 8
https://github.com/HankLi0130/MicroservicesDemo,061d266b8bdede5af966778d7fe4ef30c4faa203,gateway-service,tw.hankli.gatewayservice.GatewayServiceApplicationTests.contextLoads,NOD,,,please run this project using NonDex v1.2 and Java 8
https://github.com/heinrichmarkus/delphi-build-plugin,39170f16e0ef0b8d5409c034b0278952f8adc351,.,de.heinrichmarkus.gradle.delphi.utils.zip.ZipAdapterTest.toMappingSimpleDir,ID,,,
https://github.com/heinrichmarkus/delphi-build-plugin,39170f16e0ef0b8d5409c034b0278952f8adc351,.,de.heinrichmarkus.gradle.delphi.utils.zip.ZipAdapterTest.toMappingSimpleDirToSubdir,ID,,,
https://github.com/henne90gen/ChestCounter,3afe945d14de61983f24022d22a6e1ff06e34348,.,de.henne90gen.chestcounter.FileChestDBTest.testLoadConfigWithMissingValues,ID,,,
https://github.com/JakduK/jakduk-api,d1f7afeedd5b17170b3828689e47bbaef1ad1244,.,com.jakduk.api.GalleryOnListTest.자바배열객체를_JSON문자열로변환,ID,,,
https://github.com/jk1/Gradle-License-Report,84e9d1a2e7e2e38be8dc3a366ecc3027490634f3,.,"com.github.jk1.license.filter.LicenseBundleNormalizerSpec.""The regular expression must be matched""",ID,,,
https://github.com/jk1/Gradle-License-Report,84e9d1a2e7e2e38be8dc3a366ecc3027490634f3,.,"com.github.jk1.license.ProjectBuilderSpec.""it creates modules with license-files""",ID,,,
https://github.com/kwahome/sopa-api,829b3e85bf969e742030c36a0aaf51b9518590e3,.,io.github.kwahome.sopa.HelperUtilsTests.mapToObjectArrayTest,ID,,,please run this project using Java 8 and NonDex v2.1.1-1
https://github.com/kwahome/sopa-api,829b3e85bf969e742030c36a0aaf51b9518590e3,.,io.github.kwahome.sopa.JSONRendererTests.loggingAtDebugTest,ID,,,please run this project using Java 8 and NonDex v2.1.1-1
https://github.com/kwahome/sopa-api,829b3e85bf969e742030c36a0aaf51b9518590e3,.,io.github.kwahome.sopa.JSONRendererTests.loggingAtErrorTest,ID,,,please run this project using Java 8 and NonDex v2.1.1-1
https://github.com/kwahome/sopa-api,829b3e85bf969e742030c36a0aaf51b9518590e3,.,io.github.kwahome.sopa.JSONRendererTests.loggingAtInfoTest,ID,,,please run this project using Java 8 and NonDex v2.1.1-1
https://github.com/kwahome/sopa-api,829b3e85bf969e742030c36a0aaf51b9518590e3,.,io.github.kwahome.sopa.JSONRendererTests.loggingAtTraceTest,ID,,,please run this project using Java 8 and NonDex v2.1.1-1
https://github.com/kwahome/sopa-api,829b3e85bf969e742030c36a0aaf51b9518590e3,.,io.github.kwahome.sopa.JSONRendererTests.loggingAtWarnTest,ID,,,please run this project using Java 8 and NonDex v2.1.1-1
https://github.com/kwahome/sopa-api,829b3e85bf969e742030c36a0aaf51b9518590e3,.,io.github.kwahome.sopa.StructLoggerConfigTests.contextSupplierTest,ID,,,please run this project using Java 8 and NonDex v2.1.1-1
https://github.com/kwahome/sopa-api,829b3e85bf969e742030c36a0aaf51b9518590e3,.,io.github.kwahome.sopa.StructLoggerKeyValueTests.logContextBindUpdatesTest,ID,,,please run this project using Java 8 and NonDex v2.1.1-1
https://github.com/kwahome/sopa-api,829b3e85bf969e742030c36a0aaf51b9518590e3,.,io.github.kwahome.sopa.StructLoggerKeyValueTests.logContextUnbindTest,ID,,,please run this project using Java 8 and NonDex v2.1.1-1
https://github.com/kwahome/sopa-api,829b3e85bf969e742030c36a0aaf51b9518590e3,.,io.github.kwahome.sopa.StructLoggerKeyValueTests.loggingAtDebugTest,ID,,,please run this project using Java 8 and NonDex v2.1.1-1
https://github.com/kwahome/sopa-api,829b3e85bf969e742030c36a0aaf51b9518590e3,.,io.github.kwahome.sopa.StructLoggerKeyValueTests.loggingAtErrorTest,ID,,,please run this project using Java 8 and NonDex v2.1.1-1
https://github.com/kwahome/sopa-api,829b3e85bf969e742030c36a0aaf51b9518590e3,.,io.github.kwahome.sopa.StructLoggerKeyValueTests.loggingAtInfoTest,ID,,,please run this project using Java 8 and NonDex v2.1.1-1
https://github.com/kwahome/sopa-api,829b3e85bf969e742030c36a0aaf51b9518590e3,.,io.github.kwahome.sopa.StructLoggerKeyValueTests.loggingAtTraceTest,ID,,,please run this project using Java 8 and NonDex v2.1.1-1
https://github.com/kwahome/sopa-api,829b3e85bf969e742030c36a0aaf51b9518590e3,.,io.github.kwahome.sopa.StructLoggerKeyValueTests.loggingAtWarnTest,ID,,,please run this project using Java 8 and NonDex v2.1.1-1
https://github.com/kwahome/sopa-api,829b3e85bf969e742030c36a0aaf51b9518590e3,.,io.github.kwahome.sopa.StructLoggerKeyValueTests.loggingHashMapKeyValuesTest,ID,,,please run this project using Java 8 and NonDex v2.1.1-1
https://github.com/kwahome/sopa-api,829b3e85bf969e742030c36a0aaf51b9518590e3,.,io.github.kwahome.sopa.StructLoggerKeyValueTests.loggingMixedAllowedLoggableObjectsTest,ID,,,please run this project using Java 8 and NonDex v2.1.1-1
https://github.com/kwahome/sopa-api,829b3e85bf969e742030c36a0aaf51b9518590e3,.,io.github.kwahome.sopa.StructLoggerKeyValueTests.loggingMultipleHashMapKeyValuesTest,ID,,,please run this project using Java 8 and NonDex v2.1.1-1
https://github.com/kwahome/sopa-api,829b3e85bf969e742030c36a0aaf51b9518590e3,.,io.github.kwahome.sopa.StructLoggerKeyValueTests.logNewContextBindingTest,ID,,,please run this project using Java 8 and NonDex v2.1.1-1
https://github.com/kwahome/sopa-api,829b3e85bf969e742030c36a0aaf51b9518590e3,.,io.github.kwahome.sopa.YAMLRendererTests.loggingAtDebugTest,ID,,,please run this project using Java 8 and NonDex v2.1.1-1
https://github.com/kwahome/sopa-api,829b3e85bf969e742030c36a0aaf51b9518590e3,.,io.github.kwahome.sopa.YAMLRendererTests.loggingAtErrorTest,ID,,,please run this project using Java 8 and NonDex v2.1.1-1
https://github.com/kwahome/sopa-api,829b3e85bf969e742030c36a0aaf51b9518590e3,.,io.github.kwahome.sopa.YAMLRendererTests.loggingAtInfoTest,ID,,,please run this project using Java 8 and NonDex v2.1.1-1
https://github.com/kwahome/sopa-api,829b3e85bf969e742030c36a0aaf51b9518590e3,.,io.github.kwahome.sopa.YAMLRendererTests.loggingAtTraceTest,ID,,,please run this project using Java 8 and NonDex v2.1.1-1
https://github.com/kwahome/sopa-api,829b3e85bf969e742030c36a0aaf51b9518590e3,.,io.github.kwahome.sopa.YAMLRendererTests.loggingAtWarnTest,ID,,,please run this project using Java 8 and NonDex v2.1.1-1
https://github.com/Lucas3oo/sonarlint-gradle-plugin,5d781ee4467618be9add4ca2b97c818560572b51,.,se.solrike.sonarlint.IntegrationTest.testSonarlintMain,NOD,,,
https://github.com/Lucas3oo/sonarlint-gradle-plugin,5d781ee4467618be9add4ca2b97c818560572b51,.,se.solrike.sonarlint.KotlinIntegrationTest.testSonarlintMain,NOD,,,
https://github.com/Lucas3oo/sonarlint-gradle-plugin,5d781ee4467618be9add4ca2b97c818560572b51,.,se.solrike.sonarlint.SonarlintPluginTest.sonarlintTaskExecutes,NOD,,,
https://github.com/martoe/gradle-svntools-plugin,999eb34ef0ad93aad3c7ab833236e8ea503ae18a,.,"at.bxm.gradleplugins.svntools.SvnToolsPluginExtensionTest.""access svnVersion at trunk""",ID,,,
https://github.com/martoe/gradle-svntools-plugin,999eb34ef0ad93aad3c7ab833236e8ea503ae18a,.,"at.bxm.gradleplugins.svntools.tasks.SvnVersionTest.""added dir""",ID,,,
https://github.com/martoe/gradle-svntools-plugin,999eb34ef0ad93aad3c7ab833236e8ea503ae18a,.,"at.bxm.gradleplugins.svntools.tasks.SvnVersionTest.""unversioned file""",ID,,,
https://github.com/marytts/gradle-marytts-voicebuilding-plugin,d0b7ca0cff93ee802cea3fabfb127c320d2a7f44,.,de.dfki.mary.voicebuilding.BasePluginFunctionalTest.testTasks[8],OD,,,
https://github.com/marytts/gradle-marytts-voicebuilding-plugin,d0b7ca0cff93ee802cea3fabfb127c320d2a7f44,.,de.dfki.mary.voicebuilding.DataPluginFunctionalTest.testTasks[10],OD,,,
https://github.com/marytts/gradle-marytts-voicebuilding-plugin,d0b7ca0cff93ee802cea3fabfb127c320d2a7f44,.,de.dfki.mary.voicebuilding.DataPluginFunctionalTest.testTasks[11],OD,,,
https://github.com/marytts/gradle-marytts-voicebuilding-plugin,d0b7ca0cff93ee802cea3fabfb127c320d2a7f44,.,de.dfki.mary.voicebuilding.DataPluginFunctionalTest.testTasks[12],OD,,,
https://github.com/marytts/gradle-marytts-voicebuilding-plugin,d0b7ca0cff93ee802cea3fabfb127c320d2a7f44,.,de.dfki.mary.voicebuilding.DataPluginFunctionalTest.testTasks[13],OD,,,
https://github.com/marytts/gradle-marytts-voicebuilding-plugin,d0b7ca0cff93ee802cea3fabfb127c320d2a7f44,.,de.dfki.mary.voicebuilding.DataPluginFunctionalTest.testTasks[5],OD,,,
https://github.com/marytts/gradle-marytts-voicebuilding-plugin,d0b7ca0cff93ee802cea3fabfb127c320d2a7f44,.,de.dfki.mary.voicebuilding.DataPluginFunctionalTest.testTasks[6],OD,,,
https://github.com/marytts/gradle-marytts-voicebuilding-plugin,d0b7ca0cff93ee802cea3fabfb127c320d2a7f44,.,de.dfki.mary.voicebuilding.DataPluginFunctionalTest.testTasks[7],OD,,,
https://github.com/marytts/gradle-marytts-voicebuilding-plugin,d0b7ca0cff93ee802cea3fabfb127c320d2a7f44,.,de.dfki.mary.voicebuilding.DataPluginFunctionalTest.testTasks[8],OD,,,
https://github.com/marytts/gradle-marytts-voicebuilding-plugin,d0b7ca0cff93ee802cea3fabfb127c320d2a7f44,.,de.dfki.mary.voicebuilding.DataPluginFunctionalTest.testTasks[9],OD,,,
https://github.com/marytts/gradle-marytts-voicebuilding-plugin,d0b7ca0cff93ee802cea3fabfb127c320d2a7f44,.,de.dfki.mary.voicebuilding.LegacyPluginFunctionalTest.testTasks[10],OD,,,
https://github.com/marytts/gradle-marytts-voicebuilding-plugin,d0b7ca0cff93ee802cea3fabfb127c320d2a7f44,.,de.dfki.mary.voicebuilding.LegacyPluginFunctionalTest.testTasks[11],OD,,,
https://github.com/marytts/gradle-marytts-voicebuilding-plugin,d0b7ca0cff93ee802cea3fabfb127c320d2a7f44,.,de.dfki.mary.voicebuilding.LegacyPluginFunctionalTest.testTasks[12],OD,,,
https://github.com/marytts/gradle-marytts-voicebuilding-plugin,d0b7ca0cff93ee802cea3fabfb127c320d2a7f44,.,de.dfki.mary.voicebuilding.LegacyPluginFunctionalTest.testTasks[13],OD,,,
https://github.com/marytts/gradle-marytts-voicebuilding-plugin,d0b7ca0cff93ee802cea3fabfb127c320d2a7f44,.,de.dfki.mary.voicebuilding.LegacyPluginFunctionalTest.testTasks[14],OD,,,
https://github.com/marytts/gradle-marytts-voicebuilding-plugin,d0b7ca0cff93ee802cea3fabfb127c320d2a7f44,.,de.dfki.mary.voicebuilding.LegacyPluginFunctionalTest.testTasks[15],OD,,,
https://github.com/marytts/gradle-marytts-voicebuilding-plugin,d0b7ca0cff93ee802cea3fabfb127c320d2a7f44,.,de.dfki.mary.voicebuilding.LegacyPluginFunctionalTest.testTasks[16],OD,,,
https://github.com/marytts/gradle-marytts-voicebuilding-plugin,d0b7ca0cff93ee802cea3fabfb127c320d2a7f44,.,de.dfki.mary.voicebuilding.LegacyPluginFunctionalTest.testTasks[17],OD,,,
https://github.com/marytts/gradle-marytts-voicebuilding-plugin,d0b7ca0cff93ee802cea3fabfb127c320d2a7f44,.,de.dfki.mary.voicebuilding.LegacyPluginFunctionalTest.testTasks[18],OD,,,
https://github.com/marytts/gradle-marytts-voicebuilding-plugin,d0b7ca0cff93ee802cea3fabfb127c320d2a7f44,.,de.dfki.mary.voicebuilding.LegacyPluginFunctionalTest.testTasks[19],OD,,,
https://github.com/marytts/gradle-marytts-voicebuilding-plugin,d0b7ca0cff93ee802cea3fabfb127c320d2a7f44,.,de.dfki.mary.voicebuilding.LegacyPluginFunctionalTest.testTasks[20],OD,,,
https://github.com/marytts/gradle-marytts-voicebuilding-plugin,d0b7ca0cff93ee802cea3fabfb127c320d2a7f44,.,de.dfki.mary.voicebuilding.LegacyPluginFunctionalTest.testTasks[21],OD,,,
https://github.com/marytts/gradle-marytts-voicebuilding-plugin,d0b7ca0cff93ee802cea3fabfb127c320d2a7f44,.,de.dfki.mary.voicebuilding.LegacyPluginFunctionalTest.testTasks[22],OD,,,
https://github.com/marytts/gradle-marytts-voicebuilding-plugin,d0b7ca0cff93ee802cea3fabfb127c320d2a7f44,.,de.dfki.mary.voicebuilding.LegacyPluginFunctionalTest.testTasks[23],OD,,,
https://github.com/marytts/gradle-marytts-voicebuilding-plugin,d0b7ca0cff93ee802cea3fabfb127c320d2a7f44,.,de.dfki.mary.voicebuilding.LegacyPluginFunctionalTest.testTasks[24],OD,,,
https://github.com/marytts/gradle-marytts-voicebuilding-plugin,d0b7ca0cff93ee802cea3fabfb127c320d2a7f44,.,de.dfki.mary.voicebuilding.LegacyPluginFunctionalTest.testTasks[25],OD,,,
https://github.com/marytts/gradle-marytts-voicebuilding-plugin,d0b7ca0cff93ee802cea3fabfb127c320d2a7f44,.,de.dfki.mary.voicebuilding.LegacyPluginFunctionalTest.testTasks[27],OD,,,
https://github.com/marytts/gradle-marytts-voicebuilding-plugin,d0b7ca0cff93ee802cea3fabfb127c320d2a7f44,.,de.dfki.mary.voicebuilding.LegacyPluginFunctionalTest.testTasks[29],OD,,,
https://github.com/marytts/gradle-marytts-voicebuilding-plugin,d0b7ca0cff93ee802cea3fabfb127c320d2a7f44,.,de.dfki.mary.voicebuilding.LegacyPluginFunctionalTest.testTasks[2],OD,,,
https://github.com/marytts/gradle-marytts-voicebuilding-plugin,d0b7ca0cff93ee802cea3fabfb127c320d2a7f44,.,de.dfki.mary.voicebuilding.LegacyPluginFunctionalTest.testTasks[30],OD,,,
https://github.com/marytts/gradle-marytts-voicebuilding-plugin,d0b7ca0cff93ee802cea3fabfb127c320d2a7f44,.,de.dfki.mary.voicebuilding.LegacyPluginFunctionalTest.testTasks[31],OD,,,
https://github.com/marytts/gradle-marytts-voicebuilding-plugin,d0b7ca0cff93ee802cea3fabfb127c320d2a7f44,.,de.dfki.mary.voicebuilding.LegacyPluginFunctionalTest.testTasks[32],OD,,,
https://github.com/marytts/gradle-marytts-voicebuilding-plugin,d0b7ca0cff93ee802cea3fabfb127c320d2a7f44,.,de.dfki.mary.voicebuilding.LegacyPluginFunctionalTest.testTasks[33],OD,,,
https://github.com/marytts/gradle-marytts-voicebuilding-plugin,d0b7ca0cff93ee802cea3fabfb127c320d2a7f44,.,de.dfki.mary.voicebuilding.LegacyPluginFunctionalTest.testTasks[34],OD,,,
https://github.com/marytts/gradle-marytts-voicebuilding-plugin,d0b7ca0cff93ee802cea3fabfb127c320d2a7f44,.,de.dfki.mary.voicebuilding.LegacyPluginFunctionalTest.testTasks[35],OD,,,
https://github.com/marytts/gradle-marytts-voicebuilding-plugin,d0b7ca0cff93ee802cea3fabfb127c320d2a7f44,.,de.dfki.mary.voicebuilding.LegacyPluginFunctionalTest.testTasks[36],OD,,,
https://github.com/marytts/gradle-marytts-voicebuilding-plugin,d0b7ca0cff93ee802cea3fabfb127c320d2a7f44,.,de.dfki.mary.voicebuilding.LegacyPluginFunctionalTest.testTasks[37],OD,,,
https://github.com/marytts/gradle-marytts-voicebuilding-plugin,d0b7ca0cff93ee802cea3fabfb127c320d2a7f44,.,de.dfki.mary.voicebuilding.LegacyPluginFunctionalTest.testTasks[38],OD,,,
https://github.com/marytts/gradle-marytts-voicebuilding-plugin,d0b7ca0cff93ee802cea3fabfb127c320d2a7f44,.,de.dfki.mary.voicebuilding.LegacyPluginFunctionalTest.testTasks[39],OD,,,
https://github.com/marytts/gradle-marytts-voicebuilding-plugin,d0b7ca0cff93ee802cea3fabfb127c320d2a7f44,.,de.dfki.mary.voicebuilding.LegacyPluginFunctionalTest.testTasks[3],OD,,,
https://github.com/marytts/gradle-marytts-voicebuilding-plugin,d0b7ca0cff93ee802cea3fabfb127c320d2a7f44,.,de.dfki.mary.voicebuilding.LegacyPluginFunctionalTest.testTasks[40],OD,,,
https://github.com/marytts/gradle-marytts-voicebuilding-plugin,d0b7ca0cff93ee802cea3fabfb127c320d2a7f44,.,de.dfki.mary.voicebuilding.LegacyPluginFunctionalTest.testTasks[41],OD,,,
https://github.com/marytts/gradle-marytts-voicebuilding-plugin,d0b7ca0cff93ee802cea3fabfb127c320d2a7f44,.,de.dfki.mary.voicebuilding.LegacyPluginFunctionalTest.testTasks[43],OD,,,
https://github.com/marytts/gradle-marytts-voicebuilding-plugin,d0b7ca0cff93ee802cea3fabfb127c320d2a7f44,.,de.dfki.mary.voicebuilding.LegacyPluginFunctionalTest.testTasks[44],OD,,,
https://github.com/marytts/gradle-marytts-voicebuilding-plugin,d0b7ca0cff93ee802cea3fabfb127c320d2a7f44,.,de.dfki.mary.voicebuilding.LegacyPluginFunctionalTest.testTasks[45],OD,,,
https://github.com/marytts/gradle-marytts-voicebuilding-plugin,d0b7ca0cff93ee802cea3fabfb127c320d2a7f44,.,de.dfki.mary.voicebuilding.LegacyPluginFunctionalTest.testTasks[46],OD,,,
https://github.com/marytts/gradle-marytts-voicebuilding-plugin,d0b7ca0cff93ee802cea3fabfb127c320d2a7f44,.,de.dfki.mary.voicebuilding.LegacyPluginFunctionalTest.testTasks[47],OD,,,
https://github.com/marytts/gradle-marytts-voicebuilding-plugin,d0b7ca0cff93ee802cea3fabfb127c320d2a7f44,.,de.dfki.mary.voicebuilding.LegacyPluginFunctionalTest.testTasks[48],OD,,,
https://github.com/marytts/gradle-marytts-voicebuilding-plugin,d0b7ca0cff93ee802cea3fabfb127c320d2a7f44,.,de.dfki.mary.voicebuilding.LegacyPluginFunctionalTest.testTasks[4],OD,,,
https://github.com/marytts/gradle-marytts-voicebuilding-plugin,d0b7ca0cff93ee802cea3fabfb127c320d2a7f44,.,de.dfki.mary.voicebuilding.LegacyPluginFunctionalTest.testTasks[5],OD,,,
https://github.com/marytts/gradle-marytts-voicebuilding-plugin,d0b7ca0cff93ee802cea3fabfb127c320d2a7f44,.,de.dfki.mary.voicebuilding.LegacyPluginFunctionalTest.testTasks[6],OD,,,
https://github.com/marytts/gradle-marytts-voicebuilding-plugin,d0b7ca0cff93ee802cea3fabfb127c320d2a7f44,.,de.dfki.mary.voicebuilding.LegacyPluginOneShotFunctionalTest.testOneShotBuild,OD,,,
https://github.com/nebula-plugins/gradle-metrics-plugin,e77285f2d8910e29636e828b87baf90af2ae0504,.,"nebula.plugin.metrics.model.InfoTest.""enhances Java version with details from runtime name and vendor - is case insensitive for openjdk""",ID,RepoArchived,,
https://github.com/nebula-plugins/gradle-metrics-plugin,e77285f2d8910e29636e828b87baf90af2ae0504,.,"nebula.plugin.metrics.model.InfoTest.""enhances Java version with details from runtime name and vendor - is OpenJDK - zulu""",ID,RepoArchived,,
https://github.com/nebula-plugins/gradle-metrics-plugin,e77285f2d8910e29636e828b87baf90af2ae0504,.,"nebula.plugin.metrics.model.InfoTest.""enhances Java version with details from runtime name and vendor - is OpenJDK""",ID,RepoArchived,,
https://github.com/nebula-plugins/gradle-metrics-plugin,e77285f2d8910e29636e828b87baf90af2ae0504,.,"nebula.plugin.metrics.model.InfoTest.""enhances Java version with details from runtime name and vendor - is Oracle""",ID,RepoArchived,,
https://github.com/nebula-plugins/gradle-metrics-plugin,e77285f2d8910e29636e828b87baf90af2ae0504,.,"nebula.plugin.metrics.model.KeyValueTest.""mapper writes list of values with expected form""",ID,RepoArchived,,
https://github.com/nebula-plugins/gradle-metrics-plugin,e77285f2d8910e29636e828b87baf90af2ae0504,.,"nebula.plugin.metrics.model.KeyValueTest.""mapper writes value with expected form""",ID,RepoArchived,,
https://github.com/NoushathMoidu2020/Spring-Boot-Starter-Kit,c474aca9621c09af41cbba962f3a7d6f1ab593fd,.,com.in.nan.api.EmployeeRestControllerMockMVCTest.testEmployeeGet,ID,,,
https://github.com/paleozogt/symzip-plugin,7d3245c6a945afe8ee550ffd2adb460948031d4f,symzip-plugin,org.paleozogt.gradle.zip.SymZipPluginTest.sampleBuildTest,NIO,,,
https://github.com/pazzesko/pokemon-alea,bd33e139d8e162c7d96811451d45b3f45963470c,application,com.example.pokemonalea.application.service.PokemonControllerTest.createPokemon,ID,,,
https://github.com/pazzesko/pokemon-alea,bd33e139d8e162c7d96811451d45b3f45963470c,application,com.example.pokemonalea.application.service.PokemonControllerTest.getAllPokemon,ID,,,
https://github.com/pazzesko/pokemon-alea,bd33e139d8e162c7d96811451d45b3f45963470c,application,com.example.pokemonalea.application.service.PokemonControllerTest.getPokemonByIdWhenExists,ID,,,
https://github.com/pazzesko/pokemon-alea,bd33e139d8e162c7d96811451d45b3f45963470c,application,com.example.pokemonalea.application.service.PokemonControllerTest.getRandomPokemon,ID,,,
https://github.com/pazzesko/pokemon-alea,bd33e139d8e162c7d96811451d45b3f45963470c,application,com.example.pokemonalea.application.service.PokemonControllerTest.getTopBaseExperiencePokemon,ID,,,
https://github.com/pazzesko/pokemon-alea,bd33e139d8e162c7d96811451d45b3f45963470c,application,com.example.pokemonalea.application.service.PokemonControllerTest.getTopHeightPokemon,ID,,,
https://github.com/pazzesko/pokemon-alea,bd33e139d8e162c7d96811451d45b3f45963470c,application,com.example.pokemonalea.application.service.PokemonControllerTest.getTopWeightPokemon,ID,,,
https://github.com/platan/idea-gradle-dependencies-formatter,4e67d4b7466032af1f683afb56f7e118cfa7d615,.,"com.github.platan.idea.dependencies.MavenToGradleConverterTest.""maven dependency with two unsupported elements""",ID,Accepted,https://github.com/platan/idea-gradle-dependencies-formatter/pull/172,
https://github.com/reyerizo/jcstress-gradle-plugin,f49359c12592e28c1ace7dcdda45f3b015cec736,.,"com.github.erizo.gradle.JcstressPluginSpec.should include a class from jcstress sourceSet in jcstress jar",NOD,,,
https://github.com/reyerizo/jcstress-gradle-plugin,f49359c12592e28c1ace7dcdda45f3b015cec736,.,"com.github.erizo.gradle.JcstressPluginSpec.should include a class from test sourceSet in jcstress jar when test enabled",NOD,,,
https://github.com/reyerizo/jcstress-gradle-plugin,f49359c12592e28c1ace7dcdda45f3b015cec736,.,"com.github.erizo.gradle.JcstressPluginSpec.should include a resource from jcstress sourceSet in jcstress jar",NOD,,,
https://github.com/reyerizo/jcstress-gradle-plugin,f49359c12592e28c1ace7dcdda45f3b015cec736,.,"com.github.erizo.gradle.JcstressPluginSpec.should not include a class from test sourceSet in jcstress jar when test disabled",NOD,,,
https://github.com/romalev/reactive-spring-web-flux-service,19e64d356840720f78b50bd4c08cf5a1d7391834,.,com.reactive.service.ApplicationTester.verifyAddOperationOnSuccess,ID,,,please run this project using Java 8 and NonDex v2.1.1-1
https://github.com/romalev/reactive-spring-web-flux-service,19e64d356840720f78b50bd4c08cf5a1d7391834,.,com.reactive.service.ApplicationTester.verifyDivideOperationOnSuccess,ID,,,please run this project using Java 8 and NonDex v2.1.1-1
https://github.com/romalev/reactive-spring-web-flux-service,19e64d356840720f78b50bd4c08cf5a1d7391834,.,com.reactive.service.ApplicationTester.verifyMultiplyOperationOnSuccess,ID,,,please run this project using Java 8 and NonDex v2.1.1-1
https://github.com/romalev/reactive-spring-web-flux-service,19e64d356840720f78b50bd4c08cf5a1d7391834,.,com.reactive.service.ApplicationTester.verifyPowerOf2SubSqrtOperationOnSuccess,ID,,,please run this project using Java 8 and NonDex v2.1.1-1
https://github.com/romalev/reactive-spring-web-flux-service,19e64d356840720f78b50bd4c08cf5a1d7391834,.,com.reactive.service.ApplicationTester.verifySubOperationOnSuccess,ID,,,please run this project using Java 8 and NonDex v2.1.1-1
https://github.com/RoRoche/plantuml-gradle-plugin,65485a09c32f7ac58bd758bfa273bdf701636d74,.,com.github.roroche.plantuml.BuildClassDiagramTaskTest.produceTests,ID,,,
https://github.com/RoRoche/plantuml-gradle-plugin,65485a09c32f7ac58bd758bfa273bdf701636d74,.,com.github.roroche.plantuml.diagrams.ClassDiagramTest.produceTests,ID,,,
https://github.com/RoRoche/plantuml-gradle-plugin,65485a09c32f7ac58bd758bfa273bdf701636d74,.,com.github.roroche.plantuml.diagrams.PrintDiagramTest.produceTests,ID,,,
https://github.com/rvbabilonia/beta-dog,25a0bd1f0b42f64fedbf06a349466b9d991ca0b2,.,org.vincenzolabs.betadog.controller.ScrapeControllerTest.getInstruments,ID,,,
https://github.com/shopKubernetesSpringboot/cart,22f6f8bf87f885e32a6515a3046144e1e18e6dcc,.,com.dgf.shopcart.rest.handler.CartHandlerTest.add,ID,,,
https://github.com/Silverpeas/Silverpeas-Setup,6e3b5a66375f8b6ae177edfe06115376c3bfa681,.,org.silverpeas.setup.configuration.SilverpeasConfigurationTaskTest.testSilverpeasConfiguration,NIO,,,
https://github.com/Silverpeas/Silverpeas-Setup,6e3b5a66375f8b6ae177edfe06115376c3bfa681,.,org.silverpeas.setup.installation.SilverpeasInstallationTaskTest.testInstall,OD-Brit,,,
https://github.com/Silverpeas/Silverpeas-Setup,6e3b5a66375f8b6ae177edfe06115376c3bfa681,.,org.silverpeas.setup.installation.SilverpeasInstallationTaskTest.testInstallJustSilverpeas,OD-Vic,,,
https://github.com/sogis/gretl,9f547d3440f73c3d58a949c11f1c59cde9e68758,gretl,ch.so.agi.gretl.steps.PublisherStepFile2LocalTest.file_allNew,NOD,,,
https://github.com/sogis/gretl,9f547d3440f73c3d58a949c11f1c59cde9e68758,gretl,ch.so.agi.gretl.steps.PublisherStepFile2LocalTest.file_allNew_groom,NOD,,,
https://github.com/sogis/gretl,9f547d3440f73c3d58a949c11f1c59cde9e68758,gretl,ch.so.agi.gretl.steps.PublisherStepFile2LocalTest.file_allNew_userFormat,NOD,,,
https://github.com/sogis/gretl,9f547d3440f73c3d58a949c11f1c59cde9e68758,gretl,ch.so.agi.gretl.steps.PublisherStepFile2LocalTest.file_firstHistory,NOD,,,
https://github.com/sogis/gretl,9f547d3440f73c3d58a949c11f1c59cde9e68758,gretl,ch.so.agi.gretl.steps.PublisherStepFile2LocalTest.file_groomHistory,NOD,,,
https://github.com/sogis/gretl,9f547d3440f73c3d58a949c11f1c59cde9e68758,gretl,ch.so.agi.gretl.steps.PublisherStepFile2LocalTest.file_newExistingHistory_fail,NOD,,,
https://github.com/sogis/gretl,9f547d3440f73c3d58a949c11f1c59cde9e68758,gretl,ch.so.agi.gretl.steps.PublisherStepFile2LocalTest.file_overwriteAktuell,NOD,,,
https://github.com/sogis/gretl,9f547d3440f73c3d58a949c11f1c59cde9e68758,gretl,ch.so.agi.gretl.steps.PublisherStepFile2LocalTest.file_regionsList,NOD,,,
https://github.com/sogis/gretl,9f547d3440f73c3d58a949c11f1c59cde9e68758,gretl,ch.so.agi.gretl.steps.PublisherStepFile2LocalTest.file_regionsRegEx,NOD,,,
https://github.com/sogis/gretl,9f547d3440f73c3d58a949c11f1c59cde9e68758,gretl,ch.so.agi.gretl.steps.PublisherStepFile2LocalTest.file_regionsUpdate,NOD,,,
https://github.com/tehlers/gradle-duplicate-classes-check,4754962bc8df030289c77f347f10790d600a27a8,.,net.idlestate.gradle.duplicates.CheckDuplicateClassesEngineTest.testExcludeJarFiles,ID,,,
https://github.com/tehlers/gradle-duplicate-classes-check,4754962bc8df030289c77f347f10790d600a27a8,.,net.idlestate.gradle.duplicates.CheckDuplicateClassesEngineTest.testSearchForDuplicates,ID,,,
https://github.com/themoment-team/K2-server,c93e1ad31d4619f4b972e9d8d6fdc15c99fa2c55,.,com.moment.the.controller.release.UncomfortableControllerTest.top30_검증,ID,,,
https://github.com/uPortal-Project/uPortal,07ed2f81400b93ee70937bec7aa309f653a0552f,uPortal-webapp,org.apereo.portal.events.AnalyticsIncorporationComponentEventSerializationTest.testEventFiltering,ID,,,"please use ""--nondexRuns=50 -x autoLintGradle"" to make sure you can reproduce test flakiness"
https://github.com/uPortal-Project/uPortal,07ed2f81400b93ee70937bec7aa309f653a0552f,uPortal-webapp,org.apereo.portal.events.AnalyticsIncorporationComponentEventSerializationTest.testMixinNoCopy,ID,,,"please use ""--nondexRuns=50 -x autoLintGradle"" to make sure you can reproduce test flakiness"
https://github.com/uPortal-Project/uPortal,07ed2f81400b93ee70937bec7aa309f653a0552f,uPortal-webapp,org.apereo.portal.events.tincan.json.LrsDataModelSerializeTest.testLrsActorSerialize,ID,,,"please use ""--nondexRuns=50 -x autoLintGradle"" to make sure you can reproduce test flakiness"
https://github.com/uPortal-Project/uPortal,07ed2f81400b93ee70937bec7aa309f653a0552f,uPortal-webapp,org.apereo.portal.events.tincan.json.LrsDataModelSerializeTest.testLrsObjectSerialize,ID,,,"please use ""--nondexRuns=50 -x autoLintGradle"" to make sure you can reproduce test flakiness"
https://github.com/uPortal-Project/uPortal,07ed2f81400b93ee70937bec7aa309f653a0552f,uPortal-webapp,org.apereo.portal.events.tincan.json.LrsDataModelSerializeTest.testLrsStatementSerialize,ID,,,"please use ""--nondexRuns=50 -x autoLintGradle"" to make sure you can reproduce test flakiness"
https://github.com/uPortal-Project/uPortal,07ed2f81400b93ee70937bec7aa309f653a0552f,uPortal-webapp,org.apereo.portal.io.xml.IdentityImportExportTest.testStylesheetDescriptor40ImportExport,ID,,,"please use ""--nondexRuns=50 -x autoLintGradle"" to make sure you can reproduce test flakiness"
https://github.com/uPortal-Project/uPortal,07ed2f81400b93ee70937bec7aa309f653a0552f,uPortal-webapp,org.apereo.portal.redirect.PortletRedirectionControllerTest.testExternalUrl,ID,,,"please use ""--nondexRuns=50 -x autoLintGradle"" to make sure you can reproduce test flakiness"
https://github.com/victornc83/sb-demo,5330aa72bed9710485fc292956af94a51e15f420,.,com.victornieto.SbDemoApplicationTests.contextLoads,NOD,,,please run this project using NonDex v1.2 and Java 8
https://github.com/vlsergey/spring-data-rest-utils,eb109367f8dea9eae8a2b8951ab5942a90a0ea2a,.,io.github.vlsergey.springdatarestutils.EntityToSchemaMapperTest.testLink,ID,,,
https://github.com/vlsergey/spring-data-rest-utils,eb109367f8dea9eae8a2b8951ab5942a90a0ea2a,.,io.github.vlsergey.springdatarestutils.EntityToSchemaMapperTest.testMapAsDataItem,ID,,,
https://github.com/vlsergey/spring-data-rest-utils,eb109367f8dea9eae8a2b8951ab5942a90a0ea2a,.,io.github.vlsergey.springdatarestutils.EntityToSchemaMapperTest.testMapAsExposed,ID,,,
https://github.com/vlsergey/spring-data-rest-utils,eb109367f8dea9eae8a2b8951ab5942a90a0ea2a,.,io.github.vlsergey.springdatarestutils.EntityToSchemaMapperTest.testMapAsLinks,ID,,,
https://github.com/vlsergey/spring-data-rest-utils,eb109367f8dea9eae8a2b8951ab5942a90a0ea2a,.,io.github.vlsergey.springdatarestutils.EntityToSchemaMapperTest.testUriTemplate,ID,,,
https://github.com/vlsergey/spring-data-rest-utils,eb109367f8dea9eae8a2b8951ab5942a90a0ea2a,.,io.github.vlsergey.springdatarestutils.ToOpenApiActionImplTest.test(String)[10],ID,,,
https://github.com/vlsergey/spring-data-rest-utils,eb109367f8dea9eae8a2b8951ab5942a90a0ea2a,.,io.github.vlsergey.springdatarestutils.ToOpenApiActionImplTest.test(String)[11],ID,,,
https://github.com/vlsergey/spring-data-rest-utils,eb109367f8dea9eae8a2b8951ab5942a90a0ea2a,.,io.github.vlsergey.springdatarestutils.ToOpenApiActionImplTest.test(String)[12],ID,,,
https://github.com/vlsergey/spring-data-rest-utils,eb109367f8dea9eae8a2b8951ab5942a90a0ea2a,.,io.github.vlsergey.springdatarestutils.ToOpenApiActionImplTest.test(String)[13],ID,,,
https://github.com/vlsergey/spring-data-rest-utils,eb109367f8dea9eae8a2b8951ab5942a90a0ea2a,.,io.github.vlsergey.springdatarestutils.ToOpenApiActionImplTest.test(String)[14],ID,,,
https://github.com/vlsergey/spring-data-rest-utils,eb109367f8dea9eae8a2b8951ab5942a90a0ea2a,.,io.github.vlsergey.springdatarestutils.ToOpenApiActionImplTest.test(String)[15],ID,,,
https://github.com/vlsergey/spring-data-rest-utils,eb109367f8dea9eae8a2b8951ab5942a90a0ea2a,.,io.github.vlsergey.springdatarestutils.ToOpenApiActionImplTest.test(String)[16],ID,,,
https://github.com/vlsergey/spring-data-rest-utils,eb109367f8dea9eae8a2b8951ab5942a90a0ea2a,.,io.github.vlsergey.springdatarestutils.ToOpenApiActionImplTest.test(String)[1],ID,,,
https://github.com/vlsergey/spring-data-rest-utils,eb109367f8dea9eae8a2b8951ab5942a90a0ea2a,.,io.github.vlsergey.springdatarestutils.ToOpenApiActionImplTest.test(String)[2],ID,,,
https://github.com/vlsergey/spring-data-rest-utils,eb109367f8dea9eae8a2b8951ab5942a90a0ea2a,.,io.github.vlsergey.springdatarestutils.ToOpenApiActionImplTest.test(String)[3],ID,,,
https://github.com/vlsergey/spring-data-rest-utils,eb109367f8dea9eae8a2b8951ab5942a90a0ea2a,.,io.github.vlsergey.springdatarestutils.ToOpenApiActionImplTest.test(String)[4],ID,,,
https://github.com/vlsergey/spring-data-rest-utils,eb109367f8dea9eae8a2b8951ab5942a90a0ea2a,.,io.github.vlsergey.springdatarestutils.ToOpenApiActionImplTest.test(String)[5],ID,,,
https://github.com/vlsergey/spring-data-rest-utils,eb109367f8dea9eae8a2b8951ab5942a90a0ea2a,.,io.github.vlsergey.springdatarestutils.ToOpenApiActionImplTest.test(String)[6],ID,,,
https://github.com/vlsergey/spring-data-rest-utils,eb109367f8dea9eae8a2b8951ab5942a90a0ea2a,.,io.github.vlsergey.springdatarestutils.ToOpenApiActionImplTest.test(String)[7],ID,,,
https://github.com/vlsergey/spring-data-rest-utils,eb109367f8dea9eae8a2b8951ab5942a90a0ea2a,.,io.github.vlsergey.springdatarestutils.ToOpenApiActionImplTest.test(String)[8],ID,,,
https://github.com/vlsergey/spring-data-rest-utils,eb109367f8dea9eae8a2b8951ab5942a90a0ea2a,.,io.github.vlsergey.springdatarestutils.ToOpenApiActionImplTest.test(String)[9],ID,,,
https://github.com/xenit-eu/start.xenit.eu,4d4a8881a0f54337c7583e80f162ebe4a5c916b0,.,eu.xenit.alfred.initializr.generator.docker.compose.DockerComposeYmlWriterDelegateTest.testService,ID,,,
https://github.com/xenit-eu/start.xenit.eu,4d4a8881a0f54337c7583e80f162ebe4a5c916b0,.,eu.xenit.alfred.initializr.generator.docker.compose.DockerComposeYmlWriterDelegateTest.testVolumes,ID,,,
https://github.com/yahoo/parsec-libraries,142bc4c95a8ca7b8c82f7f95d8144cb6d4bc2096,parsec-logging,"com.yahoo.parsec.logging.LogUtilTest.""test generateLog with custom data object should return info contain custom json data""",ID,,,
https://github.com/zhurlik/gradle-jboss-modules-plugin,f50903d5dbc9be8901dfccdd0c09f9cf1b8933a7,.,com.github.zhurlik.descriptor.Xsd1_0Test.testGenerate,ID,,,
https://github.com/zhurlik/gradle-jboss-modules-plugin,f50903d5dbc9be8901dfccdd0c09f9cf1b8933a7,.,com.github.zhurlik.descriptor.Xsd1_1Test.testGenerate,ID,,,
https://github.com/zhurlik/gradle-jboss-modules-plugin,f50903d5dbc9be8901dfccdd0c09f9cf1b8933a7,.,com.github.zhurlik.descriptor.Xsd1_2Test.testGenerate,ID,,,
https://github.com/zhurlik/gradle-jboss-modules-plugin,f50903d5dbc9be8901dfccdd0c09f9cf1b8933a7,.,com.github.zhurlik.descriptor.Xsd1_3Test.testGenerate,ID,,,
https://github.com/zhurlik/gradle-jboss-modules-plugin,f50903d5dbc9be8901dfccdd0c09f9cf1b8933a7,.,com.github.zhurlik.descriptor.Xsd1_5Test.testGenerate,ID,,,
https://github.com/zhurlik/gradle-jboss-modules-plugin,f50903d5dbc9be8901dfccdd0c09f9cf1b8933a7,.,com.github.zhurlik.descriptor.Xsd1_6Test.testGenerate,ID,,,
https://github.com/zhurlik/gradle-jboss-modules-plugin,f50903d5dbc9be8901dfccdd0c09f9cf1b8933a7,.,com.github.zhurlik.descriptor.Xsd1_7Test.testGenerate,ID,,,
https://github.com/zhurlik/gradle-jboss-modules-plugin,f50903d5dbc9be8901dfccdd0c09f9cf1b8933a7,.,com.github.zhurlik.descriptor.Xsd1_8Test.testGenerate,ID,,,
https://github.com/zhurlik/gradle-jboss-modules-plugin,f50903d5dbc9be8901dfccdd0c09f9cf1b8933a7,.,com.github.zhurlik.descriptor.Xsd1_9Test.testGenerate,ID,,,
https://github.com/zhurlik/gradle-jboss-modules-plugin,f50903d5dbc9be8901dfccdd0c09f9cf1b8933a7,.,com.github.zhurlik.extension.JBossModule1_0Test.testDeploy,ID,,,
https://github.com/zhurlik/gradle-jboss-modules-plugin,f50903d5dbc9be8901dfccdd0c09f9cf1b8933a7,.,com.github.zhurlik.extension.JBossModule1_0Test.testExports,ID,,,
https://github.com/zhurlik/gradle-jboss-modules-plugin,f50903d5dbc9be8901dfccdd0c09f9cf1b8933a7,.,com.github.zhurlik.extension.JBossModule1_0Test.testMake,ID,,,
https://github.com/zhurlik/gradle-jboss-modules-plugin,f50903d5dbc9be8901dfccdd0c09f9cf1b8933a7,.,com.github.zhurlik.extension.JBossModule1_0Test.testModuleTag,ID,,,
https://github.com/zhurlik/gradle-jboss-modules-plugin,f50903d5dbc9be8901dfccdd0c09f9cf1b8933a7,.,com.github.zhurlik.extension.JBossModule1_0Test.testResources,ID,,,
https://github.com/zhurlik/gradle-jboss-modules-plugin,f50903d5dbc9be8901dfccdd0c09f9cf1b8933a7,.,com.github.zhurlik.extension.JBossModule1_1Test.testDependencies,ID,,,
https://github.com/zhurlik/gradle-jboss-modules-plugin,f50903d5dbc9be8901dfccdd0c09f9cf1b8933a7,.,com.github.zhurlik.extension.JBossModule1_1Test.testDeploy,ID,,,
https://github.com/zhurlik/gradle-jboss-modules-plugin,f50903d5dbc9be8901dfccdd0c09f9cf1b8933a7,.,com.github.zhurlik.extension.JBossModule1_1Test.testExports,ID,,,
https://github.com/zhurlik/gradle-jboss-modules-plugin,f50903d5dbc9be8901dfccdd0c09f9cf1b8933a7,.,com.github.zhurlik.extension.JBossModule1_1Test.testMake,ID,,,
https://github.com/zhurlik/gradle-jboss-modules-plugin,f50903d5dbc9be8901dfccdd0c09f9cf1b8933a7,.,com.github.zhurlik.extension.JBossModule1_1Test.testModuleTag,ID,,,
https://github.com/zhurlik/gradle-jboss-modules-plugin,f50903d5dbc9be8901dfccdd0c09f9cf1b8933a7,.,com.github.zhurlik.extension.JBossModule1_1Test.testResources,ID,,,
https://github.com/zhurlik/gradle-jboss-modules-plugin,f50903d5dbc9be8901dfccdd0c09f9cf1b8933a7,.,com.github.zhurlik.extension.JBossModule1_2Test.testDependencies,ID,,,
https://github.com/zhurlik/gradle-jboss-modules-plugin,f50903d5dbc9be8901dfccdd0c09f9cf1b8933a7,.,com.github.zhurlik.extension.JBossModule1_2Test.testDeploy,ID,,,
https://github.com/zhurlik/gradle-jboss-modules-plugin,f50903d5dbc9be8901dfccdd0c09f9cf1b8933a7,.,com.github.zhurlik.extension.JBossModule1_2Test.testExports,ID,,,
https://github.com/zhurlik/gradle-jboss-modules-plugin,f50903d5dbc9be8901dfccdd0c09f9cf1b8933a7,.,com.github.zhurlik.extension.JBossModule1_2Test.testMake,ID,,,
https://github.com/zhurlik/gradle-jboss-modules-plugin,f50903d5dbc9be8901dfccdd0c09f9cf1b8933a7,.,com.github.zhurlik.extension.JBossModule1_2Test.testModuleTag,ID,,,
https://github.com/zhurlik/gradle-jboss-modules-plugin,f50903d5dbc9be8901dfccdd0c09f9cf1b8933a7,.,com.github.zhurlik.extension.JBossModule1_2Test.testPermissionsTag,ID,,,
https://github.com/zhurlik/gradle-jboss-modules-plugin,f50903d5dbc9be8901dfccdd0c09f9cf1b8933a7,.,com.github.zhurlik.extension.JBossModule1_2Test.testResources,ID,,,
https://github.com/zhurlik/gradle-jboss-modules-plugin,f50903d5dbc9be8901dfccdd0c09f9cf1b8933a7,.,com.github.zhurlik.extension.JBossModule1_3Test.testDependencies,ID,,,
https://github.com/zhurlik/gradle-jboss-modules-plugin,f50903d5dbc9be8901dfccdd0c09f9cf1b8933a7,.,com.github.zhurlik.extension.JBossModule1_3Test.testDeploy,ID,,,
https://github.com/zhurlik/gradle-jboss-modules-plugin,f50903d5dbc9be8901dfccdd0c09f9cf1b8933a7,.,com.github.zhurlik.extension.JBossModule1_3Test.testExports,ID,,,
https://github.com/zhurlik/gradle-jboss-modules-plugin,f50903d5dbc9be8901dfccdd0c09f9cf1b8933a7,.,com.github.zhurlik.extension.JBossModule1_3Test.testMake,ID,,,
https://github.com/zhurlik/gradle-jboss-modules-plugin,f50903d5dbc9be8901dfccdd0c09f9cf1b8933a7,.,com.github.zhurlik.extension.JBossModule1_3Test.testModuleTag,ID,,,
https://github.com/zhurlik/gradle-jboss-modules-plugin,f50903d5dbc9be8901dfccdd0c09f9cf1b8933a7,.,com.github.zhurlik.extension.JBossModule1_3Test.testPermissionsTag,ID,,,
https://github.com/zhurlik/gradle-jboss-modules-plugin,f50903d5dbc9be8901dfccdd0c09f9cf1b8933a7,.,com.github.zhurlik.extension.JBossModule1_3Test.testResources,ID,,,
https://github.com/zhurlik/gradle-jboss-modules-plugin,f50903d5dbc9be8901dfccdd0c09f9cf1b8933a7,.,com.github.zhurlik.extension.JBossModule1_5Test.testDependencies,ID,,,
https://github.com/zhurlik/gradle-jboss-modules-plugin,f50903d5dbc9be8901dfccdd0c09f9cf1b8933a7,.,com.github.zhurlik.extension.JBossModule1_5Test.testDeploy,ID,,,
https://github.com/zhurlik/gradle-jboss-modules-plugin,f50903d5dbc9be8901dfccdd0c09f9cf1b8933a7,.,com.github.zhurlik.extension.JBossModule1_5Test.testExports,ID,,,
https://github.com/zhurlik/gradle-jboss-modules-plugin,f50903d5dbc9be8901dfccdd0c09f9cf1b8933a7,.,com.github.zhurlik.extension.JBossModule1_5Test.testMake,ID,,,
https://github.com/zhurlik/gradle-jboss-modules-plugin,f50903d5dbc9be8901dfccdd0c09f9cf1b8933a7,.,com.github.zhurlik.extension.JBossModule1_5Test.testModuleTag,ID,,,
https://github.com/zhurlik/gradle-jboss-modules-plugin,f50903d5dbc9be8901dfccdd0c09f9cf1b8933a7,.,com.github.zhurlik.extension.JBossModule1_5Test.testPermissionsTag,ID,,,
https://github.com/zhurlik/gradle-jboss-modules-plugin,f50903d5dbc9be8901dfccdd0c09f9cf1b8933a7,.,com.github.zhurlik.extension.JBossModule1_5Test.testResources,ID,,,
https://github.com/zhurlik/gradle-jboss-modules-plugin,f50903d5dbc9be8901dfccdd0c09f9cf1b8933a7,.,com.github.zhurlik.extension.JBossModule1_6Test.testDependencies,ID,,,
https://github.com/zhurlik/gradle-jboss-modules-plugin,f50903d5dbc9be8901dfccdd0c09f9cf1b8933a7,.,com.github.zhurlik.extension.JBossModule1_6Test.testDeploy,ID,,,
https://github.com/zhurlik/gradle-jboss-modules-plugin,f50903d5dbc9be8901dfccdd0c09f9cf1b8933a7,.,com.github.zhurlik.extension.JBossModule1_6Test.testExports,ID,,,
https://github.com/zhurlik/gradle-jboss-modules-plugin,f50903d5dbc9be8901dfccdd0c09f9cf1b8933a7,.,com.github.zhurlik.extension.JBossModule1_6Test.testMake,ID,,,
https://github.com/zhurlik/gradle-jboss-modules-plugin,f50903d5dbc9be8901dfccdd0c09f9cf1b8933a7,.,com.github.zhurlik.extension.JBossModule1_6Test.testModuleTag,ID,,,
https://github.com/zhurlik/gradle-jboss-modules-plugin,f50903d5dbc9be8901dfccdd0c09f9cf1b8933a7,.,com.github.zhurlik.extension.JBossModule1_6Test.testPermissionsTag,ID,,,
https://github.com/zhurlik/gradle-jboss-modules-plugin,f50903d5dbc9be8901dfccdd0c09f9cf1b8933a7,.,com.github.zhurlik.extension.JBossModule1_6Test.testResources,ID,,,
https://github.com/zhurlik/gradle-jboss-modules-plugin,f50903d5dbc9be8901dfccdd0c09f9cf1b8933a7,.,com.github.zhurlik.extension.JBossModule1_7Test.testDependencies,ID,,,
https://github.com/zhurlik/gradle-jboss-modules-plugin,f50903d5dbc9be8901dfccdd0c09f9cf1b8933a7,.,com.github.zhurlik.extension.JBossModule1_7Test.testDeploy,ID,,,
https://github.com/zhurlik/gradle-jboss-modules-plugin,f50903d5dbc9be8901dfccdd0c09f9cf1b8933a7,.,com.github.zhurlik.extension.JBossModule1_7Test.testExports,ID,,,
https://github.com/zhurlik/gradle-jboss-modules-plugin,f50903d5dbc9be8901dfccdd0c09f9cf1b8933a7,.,com.github.zhurlik.extension.JBossModule1_7Test.testMake,ID,,,
https://github.com/zhurlik/gradle-jboss-modules-plugin,f50903d5dbc9be8901dfccdd0c09f9cf1b8933a7,.,com.github.zhurlik.extension.JBossModule1_7Test.testModuleTag,ID,,,
https://github.com/zhurlik/gradle-jboss-modules-plugin,f50903d5dbc9be8901dfccdd0c09f9cf1b8933a7,.,com.github.zhurlik.extension.JBossModule1_7Test.testPermissionsTag,ID,,,
https://github.com/zhurlik/gradle-jboss-modules-plugin,f50903d5dbc9be8901dfccdd0c09f9cf1b8933a7,.,com.github.zhurlik.extension.JBossModule1_7Test.testResources,ID,,,
https://github.com/zhurlik/gradle-jboss-modules-plugin,f50903d5dbc9be8901dfccdd0c09f9cf1b8933a7,.,com.github.zhurlik.extension.JBossModule1_8Test.testDependencies,ID,,,
https://github.com/zhurlik/gradle-jboss-modules-plugin,f50903d5dbc9be8901dfccdd0c09f9cf1b8933a7,.,com.github.zhurlik.extension.JBossModule1_8Test.testDeploy,ID,,,
https://github.com/zhurlik/gradle-jboss-modules-plugin,f50903d5dbc9be8901dfccdd0c09f9cf1b8933a7,.,com.github.zhurlik.extension.JBossModule1_8Test.testExports,ID,,,
https://github.com/zhurlik/gradle-jboss-modules-plugin,f50903d5dbc9be8901dfccdd0c09f9cf1b8933a7,.,com.github.zhurlik.extension.JBossModule1_8Test.testMake,ID,,,
https://github.com/zhurlik/gradle-jboss-modules-plugin,f50903d5dbc9be8901dfccdd0c09f9cf1b8933a7,.,com.github.zhurlik.extension.JBossModule1_8Test.testModuleTag,ID,,,
https://github.com/zhurlik/gradle-jboss-modules-plugin,f50903d5dbc9be8901dfccdd0c09f9cf1b8933a7,.,com.github.zhurlik.extension.JBossModule1_8Test.testPermissionsTag,ID,,,
https://github.com/zhurlik/gradle-jboss-modules-plugin,f50903d5dbc9be8901dfccdd0c09f9cf1b8933a7,.,com.github.zhurlik.extension.JBossModule1_8Test.testProvidesTag,ID,,,
https://github.com/zhurlik/gradle-jboss-modules-plugin,f50903d5dbc9be8901dfccdd0c09f9cf1b8933a7,.,com.github.zhurlik.extension.JBossModule1_8Test.testResources,ID,,,
https://github.com/zhurlik/gradle-jboss-modules-plugin,f50903d5dbc9be8901dfccdd0c09f9cf1b8933a7,.,com.github.zhurlik.extension.JBossModule1_9Test.testDependencies,ID,,,
https://github.com/zhurlik/gradle-jboss-modules-plugin,f50903d5dbc9be8901dfccdd0c09f9cf1b8933a7,.,com.github.zhurlik.extension.JBossModule1_9Test.testDeploy,ID,,,
https://github.com/zhurlik/gradle-jboss-modules-plugin,f50903d5dbc9be8901dfccdd0c09f9cf1b8933a7,.,com.github.zhurlik.extension.JBossModule1_9Test.testExports,ID,,,
https://github.com/zhurlik/gradle-jboss-modules-plugin,f50903d5dbc9be8901dfccdd0c09f9cf1b8933a7,.,com.github.zhurlik.extension.JBossModule1_9Test.testMake,ID,,,
https://github.com/zhurlik/gradle-jboss-modules-plugin,f50903d5dbc9be8901dfccdd0c09f9cf1b8933a7,.,com.github.zhurlik.extension.JBossModule1_9Test.testModuleTag,ID,,,
https://github.com/zhurlik/gradle-jboss-modules-plugin,f50903d5dbc9be8901dfccdd0c09f9cf1b8933a7,.,com.github.zhurlik.extension.JBossModule1_9Test.testPermissionsTag,ID,,,
https://github.com/zhurlik/gradle-jboss-modules-plugin,f50903d5dbc9be8901dfccdd0c09f9cf1b8933a7,.,com.github.zhurlik.extension.JBossModule1_9Test.testProvidesTag,ID,,,
https://github.com/zhurlik/gradle-jboss-modules-plugin,f50903d5dbc9be8901dfccdd0c09f9cf1b8933a7,.,com.github.zhurlik.extension.JBossModule1_9Test.testResources,ID,,,
https://github.com/zhurlik/gradle-jboss-modules-plugin,f50903d5dbc9be8901dfccdd0c09f9cf1b8933a7,.,com.github.zhurlik.extension.JBossServerTest.testUndeploy,ID,,,
https://github.com/zhurlik/gradle-jboss-modules-plugin,f50903d5dbc9be8901dfccdd0c09f9cf1b8933a7,.,com.github.zhurlik.task.TasksTest.greeterPluginAddsGreetingTaskToProject,ID,,,
