Project URL,SHA Detected,Module Path,Fully-Qualified Test Name (packageName.ClassName.methodName),TIC = FIC,Test-Introducing Commit SHA,Test-Introducing Commit Fully-Qualified Test Name,Test-Introducing Commit Module Path,Flakiness-Introducing Commit SHA,Flaky Test File Modified,Other Test Files Modified,Code Under Test Files Modified,Build Related Files Modified,Commits Between TIC-FIC Modifying Flaky Test Class,Commits Between TIC-FIC Modifying Other Test Files,Commits Between TIC-FIC Modifying Code Under Test Files,Commits Between TIC-FIC Modifying Build Related Files,Commits Between TIC-FIC,Days Between TIC-FIC
https://github.com/alibaba/fastjson,5c6d6fd471ea1fab59f0df2dd31e0b936806780d,.,com.alibaba.json.bvt.parser.deser.date.DateParseTest9.test_dates_different_timeZones,FALSE,8061e09c3d390f09bd9444ac8bf8333bce6a818d,com.alibaba.json.bvt.parser.deser.date.DateParseTest9.test_dates_different_timeZones,.,d296511da73fd25efeaecac1257e54c0f5ac7e45,TRUE,TRUE,FALSE,FALSE,1,1,1,0,1,2.463877315
https://github.com/apereo/java-cas-client,574b74fa64e4c95bda00ff41d06d358684a0b2e6,cas-client-core,org.jasig.cas.client.validation.AssertionImplTests.testAssertionValidity,TRUE,5e36559b15c3077253f6548bc9dd00c471a372a2,org.jasig.cas.client.validation.AssertionImplTests.testAssertionValidity,cas-client-core,5e36559b15c3077253f6548bc9dd00c471a372a2,,,,,,,,,,
https://github.com/eclipse-ee4j/tyrus,d86e0cb0a4f26ba89daf8668137c156e57fea565,tests/e2e/standard-config,org.glassfish.tyrus.test.standard_config.OnCloseTest.testDoubleClose,TRUE,ce3b8c76c8e25d6f60463c6ec544330aee6c6b3b,org.glassfish.tyrus.test.standard_config.OnCloseTest.testDoubleClose,tests/e2e/standard-config,ce3b8c76c8e25d6f60463c6ec544330aee6c6b3b,,,,,,,,,,
https://github.com/eclipse-ee4j/tyrus,d86e0cb0a4f26ba89daf8668137c156e57fea565,tests/e2e/standard-config,org.glassfish.tyrus.test.standard_config.SessionTimeoutTest.testSessionTimeout,TRUE,ce3b8c76c8e25d6f60463c6ec544330aee6c6b3b,org.glassfish.tyrus.test.standard_config.SessionTimeoutTest.testSessionTimeout,tests/e2e/standard-config,ce3b8c76c8e25d6f60463c6ec544330aee6c6b3b,,,,,,,,,,
https://github.com/feroult/yawp,b3bcf9c958d51b3b3f8fdd0ccc26923d5a531da1,yawp-testing/yawp-testing-appengine,io.yawp.testing.appengine.pipes.flow.FlowDropsTest.testFlowDropsToSameSink,FALSE,b5c2e15e01ad79ca0dfa0948f06314f88ce80ea3,io.yawp.testing.appengine.pipes.flow.FlowDropsTest.testFlowDropsToSameSink,yawp-testing/yawp-testing-appengine,abae1782b0a0b1f1be33659ded4d4b690392baa6,FALSE,FALSE,TRUE,FALSE,1,2,4,0,4,0.1223958333
https://github.com/fluent/fluent-logger-java,da14ec349bf0904da9865940b57b87563616ee04,.,org.fluentd.logger.TestFluentLogger.testReconnection,TRUE,5fd46383ed0bf599e01d6d24cabf2a0e5c4d0cfa,org.fluentd.logger.TestFluentLogger.testReconnection,.,5fd46383ed0bf599e01d6d24cabf2a0e5c4d0cfa,,,,,,,,,,
https://github.com/javadelight/delight-nashorn-sandbox,da35edc0a75424bad8cbf60959fae253202154c4,.,delight.nashornsandbox.TestGetFunction.test,TRUE,d19eeeab22efa109f337f7b34e7ef687ce2d63ba,delight.nashornsandbox.TestGetFunction.test,.,d19eeeab22efa109f337f7b34e7ef687ce2d63ba,,,,,,,,,,
https://github.com/javadelight/delight-nashorn-sandbox,da35edc0a75424bad8cbf60959fae253202154c4,.,delight.nashornsandbox.TestMemoryLimit.test_no_abuse,TRUE,d0d651ff3dc49878ac4faa4acebceab73412d4c0,delight.nashornsandbox.TestMemoryLimit.test_no_abuse,.,d0d651ff3dc49878ac4faa4acebceab73412d4c0,,,,,,,,,,
https://github.com/kagkarlsson/db-scheduler,4a8a28e60640dcd03e8d3bf212f483d35b0b6310,.,com.github.kagkarlsson.scheduler.compatibility.HsqlCompatibilityTest.test_compatibility,TRUE,4a8a28e60640dcd03e8d3bf212f483d35b0b6310,com.github.kagkarlsson.scheduler.compatibility.HsqlCompatibilityTest.test_compatibility,.,4a8a28e60640dcd03e8d3bf212f483d35b0b6310,,,,,,,,,,
https://github.com/querydsl/querydsl,2bf234caf78549813a1e0f44d9c30ecc5ef734e3,querydsl-hibernate-search,com.querydsl.hibernate.search.SearchQueryTest.no_where,TRUE,2c195ffa621b6382397342f72b9d2f530eb7ccfe,com.querydsl.hibernate.search.SearchQueryTest.no_where,querydsl-hibernate-search,2c195ffa621b6382397342f72b9d2f530eb7ccfe,,,,,,,,,,
https://github.com/sonatype-nexus-community/nexus-repository-helm,60a9e8de0d97bfa4e3f7ee6bb87d518e398f03f2,.,org.sonatype.repository.helm.internal.metadata.IndexYamlBuilderTest.testChartIndexPassedCorrectly,TRUE,5517c8e6c792d9a82d803737c40c7bfc3ba5033b,org.sonatype.repository.helm.internal.metadata.IndexYamlBuilderTest.testChartIndexPassedCorrectly,.,5517c8e6c792d9a82d803737c40c7bfc3ba5033b,,,,,,,,,,
https://github.com/spotify/helios,aebf68dcbdf9d3850478e8bddd2c478fa5fa282a,helios-services,com.spotify.helios.agent.SupervisorTest.verifySupervisorStartsAndStopsDockerContainer,FALSE,d2fcf86b3ff223fc9f04ec7a347d61a01088ef86,com.spotify.helios.agent.SupervisorTest.verifySupervisorStartsAndStopsDockerContainer,helios-services,0232600ba1f71e0a8b01267e0bb1dba644a22359,TRUE,TRUE,TRUE,FALSE,42,652,1375,415,1924,829.7602315
https://github.com/spotify/helios,aebf68dcbdf9d3850478e8bddd2c478fa5fa282a,helios-testing,com.spotify.helios.testing.HeliosSoloDeploymentTest.testUndeployLeftoverJobs,FALSE,a8cc89bc19b0737420e9c29f27536c1918a82ba3,com.spotify.helios.testing.HeliosSoloDeploymentTest.testUndeployLeftoverJobs,helios-testing,78a86465212167f276c0f1586c91fd458949e425,TRUE,TRUE,FALSE,FALSE,20,76,116,17,154,159.8353819
https://github.com/TooTallNate/Java-WebSocket,fa3909c391195178ccf5a92d4ac342a30ae247c8,.,org.java_websocket.issues.Issue256Test.runReconnectScenario0,TRUE,822d40f50f07ee408ab517e2bef7247cf70f1f43,org.java_websocket.issues.Issue256Test.runReconnectScenario0,.,822d40f50f07ee408ab517e2bef7247cf70f1f43,,,,,,,,,,
https://github.com/TooTallNate/Java-WebSocket,fa3909c391195178ccf5a92d4ac342a30ae247c8,.,org.java_websocket.issues.Issue256Test.runReconnectScenario5,TRUE,822d40f50f07ee408ab517e2bef7247cf70f1f43,org.java_websocket.issues.Issue256Test.runReconnectScenario5,.,822d40f50f07ee408ab517e2bef7247cf70f1f43,,,,,,,,,,
https://github.com/TooTallNate/Java-WebSocket,fa3909c391195178ccf5a92d4ac342a30ae247c8,.,org.java_websocket.issues.Issue256Test.runReconnectScenario8,TRUE,822d40f50f07ee408ab517e2bef7247cf70f1f43,org.java_websocket.issues.Issue256Test.runReconnectScenario8,.,822d40f50f07ee408ab517e2bef7247cf70f1f43,,,,,,,,,,
https://github.com/undertow-io/undertow,d0efffad5d2034bb07525cac9b299dac72c3045d,websockets-jsr,io.undertow.websockets.jsr.test.JsrWebSocketServer07Test.testErrorHandling,TRUE,c3b8a88db6999c231b4def84437d8c32cf1e2efe,io.undertow.websockets.jsr.test.JsrWebSocketServer07Test.testErrorHandling,websockets-jsr,c3b8a88db6999c231b4def84437d8c32cf1e2efe,,,,,,,,,,
https://github.com/vmware/admiral,e4b02936cc7d4ff2714e7231db0c4373ba5d48a2,compute,com.vmware.admiral.compute.cluster.ClusterServiceTest.testPatchSingleHostClusterWithPublicAddress,TRUE,19e3cdc05a5a0bef23b8a5c6163a311682aaa41e,com.vmware.admiral.compute.cluster.ClusterServiceTest.testPatchSingleHostClusterWithPublicAddress,compute,19e3cdc05a5a0bef23b8a5c6163a311682aaa41e,,,,,,,,,,
https://github.com/vmware/admiral,e4b02936cc7d4ff2714e7231db0c4373ba5d48a2,request,com.vmware.admiral.request.RequestBrokerServiceTest.testRequestFailShouldDeleteTheCreatedDescriptions,TRUE,360059e4c93bf9f87a1306508b22983a0d4495b1,com.vmware.admiral.request.RequestBrokerServiceTest.testRequestFailShouldDeleteTheCreatedDescriptions,request,360059e4c93bf9f87a1306508b22983a0d4495b1,,,,,,,,,,
https://github.com/Activiti/Activiti,b11f757a48600e53aaf3fcb7a3ba1ece6c463cb4,activiti-spring-boot-starter,org.activiti.spring.boot.tasks.TaskRuntimeTaskAssigneeTest.bCreateCheckTaskCreatedForSalaboyFromAnotherUser,TRUE,7f54df3dcf9f8d2acbafb91d68f1c506b6bdb0f7,org.activiti.spring.boot.tasks.TaskRuntimeTaskAssigneeTest.bCreateCheckTaskCreatedForSalaboyFromAnotherUser,activiti-spring-boot-starter,7f54df3dcf9f8d2acbafb91d68f1c506b6bdb0f7,,,,,,,,,,
https://github.com/fhoeben/hsac-fitnesse-fixtures,a64c18d9c4bac8271275c7b089d40be20f0604b5,.,nl.hsac.fitnesse.fixture.slim.FileFixtureTest.testDelete,TRUE,faff990caa1ea48b0be46bc2c02977d91e717e53,nl.hsac.fitnesse.fixture.slim.FileFixtureTest.testDelete,.,faff990caa1ea48b0be46bc2c02977d91e717e53,,,,,,,,,,
https://github.com/Activiti/Activiti,b11f757a48600e53aaf3fcb7a3ba1ece6c463cb4,activiti-spring-boot-starter,org.activiti.spring.boot.tasks.TaskRuntimeClaimReleaseTest.bClaimAndRelease,TRUE,7f54df3dcf9f8d2acbafb91d68f1c506b6bdb0f7,org.activiti.spring.boot.tasks.TaskRuntimeClaimReleaseTest.bClaimAndRelease,activiti-spring-boot-starter,7f54df3dcf9f8d2acbafb91d68f1c506b6bdb0f7,,,,,,,,,,
https://github.com/Activiti/Activiti,b11f757a48600e53aaf3fcb7a3ba1ece6c463cb4,activiti-spring-boot-starter,org.activiti.spring.boot.tasks.TaskRuntimeClaimReleaseTest.eCreateStandaloneTaskAndClaimAndReleaseUnAuthorized,TRUE,7f54df3dcf9f8d2acbafb91d68f1c506b6bdb0f7,org.activiti.spring.boot.tasks.TaskRuntimeClaimReleaseTest.eCreateStandaloneTaskAndClaimAndReleaseUnAuthorized,activiti-spring-boot-starter,7f54df3dcf9f8d2acbafb91d68f1c506b6bdb0f7,,,,,,,,,,
https://github.com/Activiti/Activiti,b11f757a48600e53aaf3fcb7a3ba1ece6c463cb4,activiti-spring-boot-starter,org.activiti.spring.boot.tasks.TaskRuntimeClaimReleaseTest.fCreateStandaloneTaskAndClaimAndReleaseUnAuthorized,TRUE,7f54df3dcf9f8d2acbafb91d68f1c506b6bdb0f7,org.activiti.spring.boot.tasks.TaskRuntimeClaimReleaseTest.fCreateStandaloneTaskAndClaimAndReleaseUnAuthorized,activiti-spring-boot-starter,7f54df3dcf9f8d2acbafb91d68f1c506b6bdb0f7,,,,,,,,,,
https://github.com/Activiti/Activiti,b11f757a48600e53aaf3fcb7a3ba1ece6c463cb4,activiti-spring-boot-starter,org.activiti.spring.boot.tasks.TaskRuntimeCompleteTaskTest.ctryCompletingWithUnauthorizedUser,TRUE,7f54df3dcf9f8d2acbafb91d68f1c506b6bdb0f7,org.activiti.spring.boot.tasks.TaskRuntimeCompleteTaskTest.ctryCompletingWithUnauthorizedUser,activiti-spring-boot-starter,7f54df3dcf9f8d2acbafb91d68f1c506b6bdb0f7,,,,,,,,,,
https://github.com/Activiti/Activiti,b11f757a48600e53aaf3fcb7a3ba1ece6c463cb4,activiti-spring-boot-starter,org.activiti.spring.boot.tasks.TaskRuntimeDeleteTaskTest.dClaimTaskCreatedForGroup,TRUE,7f54df3dcf9f8d2acbafb91d68f1c506b6bdb0f7,org.activiti.spring.boot.tasks.TaskRuntimeDeleteTaskTest.dClaimTaskCreatedForGroup,activiti-spring-boot-starter,7f54df3dcf9f8d2acbafb91d68f1c506b6bdb0f7,,,,,,,,,,
https://github.com/Activiti/Activiti,b11f757a48600e53aaf3fcb7a3ba1ece6c463cb4,activiti-spring-boot-starter,org.activiti.spring.boot.tasks.TaskRuntimeDeleteTaskTest.eClaimTaskCreatedForGroup,TRUE,7f54df3dcf9f8d2acbafb91d68f1c506b6bdb0f7,org.activiti.spring.boot.tasks.TaskRuntimeDeleteTaskTest.eClaimTaskCreatedForGroup,activiti-spring-boot-starter,7f54df3dcf9f8d2acbafb91d68f1c506b6bdb0f7,,,,,,,,,,
https://github.com/Activiti/Activiti,b11f757a48600e53aaf3fcb7a3ba1ece6c463cb4,activiti-spring-boot-starter,org.activiti.spring.boot.tasks.TaskRuntimeUnAuthorizedTest.bClaimNotFoundBecauseYouAreNotACandidate,TRUE,7f54df3dcf9f8d2acbafb91d68f1c506b6bdb0f7,org.activiti.spring.boot.tasks.TaskRuntimeUnAuthorizedTest.bClaimNotFoundBecauseYouAreNotACandidate,activiti-spring-boot-starter,7f54df3dcf9f8d2acbafb91d68f1c506b6bdb0f7,,,,,,,,,,
https://github.com/hexagonframework/spring-data-ebean,dd11b97654982403b50dd1d5369cadad71fce410,.,org.springframework.data.ebean.repository.UserRepositoryIntegrationTest.deleteById,TRUE,2d3515b0499850ca21e08a8d71bde2a00657a769,org.springframework.data.ebean.repository.UserRepositoryIntegrationTest.deleteById,.,2d3515b0499850ca21e08a8d71bde2a00657a769,,,,,,,,,,
https://github.com/wikidata/wikidata-toolkit,20de6f7f12319f54eb962ff6e8357b3f5695d54d,wdtk-dumpfiles,org.wikidata.wdtk.dumpfiles.MwDumpFileProcessingTest.testMwDailyDumpFileProcessing,FALSE,1c192a393ff14e43305bdf80909fbbb8b0b39df9,org.wikidata.wdtk.dumpfiles.MwDumpFileProcessingTest.testMwDailyDumpFileProcessing,wdtk-dumpfiles,f7cb408741b6f8315da81235a96078d1fce9ee85,TRUE,TRUE,TRUE,FALSE,30,243,447,93,522,475.0556944
https://github.com/wikidata/wikidata-toolkit,20de6f7f12319f54eb962ff6e8357b3f5695d54d,wdtk-dumpfiles,org.wikidata.wdtk.dumpfiles.MwDumpFileProcessingTest.testMwMostRecentFullDumpFileProcessing,FALSE,1c192a393ff14e43305bdf80909fbbb8b0b39df9,org.wikidata.wdtk.dumpfiles.MwDumpFileProcessingTest.testMwMostRecentFullDumpFileProcessing,wdtk-dumpfiles,f7cb408741b6f8315da81235a96078d1fce9ee85,TRUE,TRUE,TRUE,FALSE,30,243,447,93,522,475.0556944
https://github.com/wikidata/wikidata-toolkit,20de6f7f12319f54eb962ff6e8357b3f5695d54d,wdtk-dumpfiles,org.wikidata.wdtk.dumpfiles.MwDumpFileProcessingTest.testMwRecentCurrentDumpFileProcessing,FALSE,1c192a393ff14e43305bdf80909fbbb8b0b39df9,org.wikidata.wdtk.dumpfiles.MwDumpFileProcessingTest.testMwRecentCurrentDumpFileProcessing,wdtk-dumpfiles,f7cb408741b6f8315da81235a96078d1fce9ee85,TRUE,TRUE,TRUE,FALSE,30,243,447,93,522,475.0556944
https://github.com/wildfly/wildfly,b19048b72669fc0e96665b1b125dc1fda21f5993,naming,org.jboss.as.naming.WritableServiceBasedNamingStoreTestCase.testPermissions,FALSE,f7a03d77c5f52fd302041cfa686671c7acf37a34,org.jboss.as.naming.WritableServiceBasedNamingStoreTestCase.testPermissions,naming,c22e23116ec8ba25a81625c107f1982cd776b21e,FALSE,FALSE,TRUE,TRUE,70,6332,9398,5344,12651,1764.401215
https://github.com/wildfly/wildfly,b19048b72669fc0e96665b1b125dc1fda21f5993,testsuite/integration/web,org.jboss.as.test.integration.web.jsp.taglib.external.ExternalTagLibTestCase.testExternalAndInternalTagLib,TRUE,2d1f11ebf44e422d515df3720ecd0fd456159912,org.jboss.as.test.integration.web.jsp.taglib.external.ExternalTagLibTestCase.testExternalAndInternalTagLib,testsuite/integration/web,2d1f11ebf44e422d515df3720ecd0fd456159912,,,,,,,,,,
https://github.com/wildfly/wildfly,b19048b72669fc0e96665b1b125dc1fda21f5993,testsuite/integration/web,org.jboss.as.test.integration.web.jsp.taglib.external.ExternalTagLibTestCase.testExternalTagLibOnly,TRUE,2d1f11ebf44e422d515df3720ecd0fd456159912,org.jboss.as.test.integration.web.jsp.taglib.external.ExternalTagLibTestCase.testExternalTagLibOnly,testsuite/integration/web,2d1f11ebf44e422d515df3720ecd0fd456159912,,,,,,,,,,
https://github.com/wildfly/wildfly,b19048b72669fc0e96665b1b125dc1fda21f5993,testsuite/integration/web,org.jboss.as.test.integration.web.sharedsession.SharedSessionTestCase.testNotSharedSessions,TRUE,b7e8d81cc333bcf99826394aba8ad2b4680f7891,org.jboss.as.test.integration.web.sharedsession.SharedSessionTestCase.testNotSharedSessions,testsuite/integration/web,b7e8d81cc333bcf99826394aba8ad2b4680f7891,,,,,,,,,,
https://github.com/wildfly/wildfly,b19048b72669fc0e96665b1b125dc1fda21f5993,testsuite/integration/web,org.jboss.as.test.integration.web.sharedsession.SharedSessionTestCase.testSharedSessionsDoNotInterleave,TRUE,b7e8d81cc333bcf99826394aba8ad2b4680f7891,org.jboss.as.test.integration.web.sharedsession.SharedSessionTestCase.testSharedSessionsDoNotInterleave,testsuite/integration/web,b7e8d81cc333bcf99826394aba8ad2b4680f7891,,,,,,,,,,
https://github.com/wildfly/wildfly,b19048b72669fc0e96665b1b125dc1fda21f5993,testsuite/integration/web,org.jboss.as.test.integration.web.sharedsession.SharedSessionTestCase.testSharedSessionsOneEar,TRUE,e4b6667674b22ade809f67ebb23495b23416b751,org.jboss.as.test.integration.web.sharedsession.SharedSessionTestCase.testSharedSessionsOneEar,testsuite/integration/web,e4b6667674b22ade809f67ebb23495b23416b751,,,,,,,,,,
https://github.com/Activiti/Activiti,b11f757a48600e53aaf3fcb7a3ba1ece6c463cb4,activiti-engine,org.activiti.engine.test.bpmn.event.error.ErrorEventSubProcessTest.testErrorCodeTakesPrecedence,FALSE,5e5747b3a7478853d5889878e45e88b92f7386de,org.activiti.engine.test.bpmn.event.error.ErrorEventSubProcessTest.testErrorCodeTakesPrecedence,modules/activiti-engine,c5a0b7ec9a430e97a2ad86d5478c43e8e287b87a,TRUE,TRUE,TRUE,FALSE,6,1784,2600,642,3294,1177.47809
https://github.com/alibaba/fastjson,5c6d6fd471ea1fab59f0df2dd31e0b936806780d,.,com.alibaba.json.bvt.asm.SortFieldTest.test_1,FALSE,01b2479ee9fb9842a0544afd36088c43bc89b688,com.alibaba.json.test.bvt.asm.SortFieldTest.test_1,.,361177cc3f2e4e3d954d0f6fa86febedf3975899,TRUE,TRUE,TRUE,FALSE,5,498,607,140,770,1216.7808449
https://github.com/alibaba/fastjson,5c6d6fd471ea1fab59f0df2dd31e0b936806780d,.,com.alibaba.json.bvt.guava.ArrayListMultimapTest.test_for_multimap,TRUE,e8b094a05114c191eba2251063dc0263a5642b90,com.alibaba.json.bvt.guava.ArrayListMultimapTest.test_for_multimap,.,e8b094a05114c191eba2251063dc0263a5642b90,,,,,,,,,,
https://github.com/alibaba/fastjson,5c6d6fd471ea1fab59f0df2dd31e0b936806780d,.,com.alibaba.json.bvt.guava.HashMultimapTest.test_for_multimap,TRUE,e8b094a05114c191eba2251063dc0263a5642b90,com.alibaba.json.bvt.guava.HashMultimapTest.test_for_multimap,.,e8b094a05114c191eba2251063dc0263a5642b90,,,,,,,,,,
https://github.com/alibaba/fastjson,5c6d6fd471ea1fab59f0df2dd31e0b936806780d,.,com.alibaba.json.bvt.guava.MultiMapTes.test_multimap,TRUE,e8b094a05114c191eba2251063dc0263a5642b90,com.alibaba.json.bvt.guava.MultiMapTes.test_multimap,.,e8b094a05114c191eba2251063dc0263a5642b90,,,,,,,,,,
https://github.com/alibaba/fastjson,5c6d6fd471ea1fab59f0df2dd31e0b936806780d,.,com.alibaba.json.bvt.issue_1100.Issue1177_1.test_for_issue,TRUE,91f90ab1e3fdae1bef9c85c2270ed89f43ad40ed,com.alibaba.json.bvt.issue_1100.Issue1177_1.test_for_issue,.,91f90ab1e3fdae1bef9c85c2270ed89f43ad40ed,,,,,,,,,,
https://github.com/alibaba/fastjson,5c6d6fd471ea1fab59f0df2dd31e0b936806780d,.,com.alibaba.json.bvt.issue_1100.Issue1177_2.test_for_issue,TRUE,91f90ab1e3fdae1bef9c85c2270ed89f43ad40ed,com.alibaba.json.bvt.issue_1100.Issue1177_2.test_for_issue,.,91f90ab1e3fdae1bef9c85c2270ed89f43ad40ed,,,,,,,,,,
https://github.com/alibaba/fastjson,5c6d6fd471ea1fab59f0df2dd31e0b936806780d,.,com.alibaba.json.bvt.issue_1300.Issue1363.test_for_issue_1,TRUE,21c2f4b2f963c044e4adafef4ddd966661526af9,com.alibaba.json.bvt.issue_1300.Issue1363.test_for_issue_1,.,21c2f4b2f963c044e4adafef4ddd966661526af9,,,,,,,,,,
https://github.com/alibaba/fastjson,5c6d6fd471ea1fab59f0df2dd31e0b936806780d,.,com.alibaba.json.bvt.issue_1300.Issue1363.test_for_issue,TRUE,21c2f4b2f963c044e4adafef4ddd966661526af9,com.alibaba.json.bvt.issue_1300.Issue1363.test_for_issue,.,21c2f4b2f963c044e4adafef4ddd966661526af9,,,,,,,,,,
https://github.com/alibaba/fastjson,5c6d6fd471ea1fab59f0df2dd31e0b936806780d,.,com.alibaba.json.bvt.issue_1400.Issue1480.test_for_issue,FALSE,1523c4297b576aabaad66b6b83b1db03d6bd08e5,com.alibaba.json.bvt.issue_1400.Issue1480.test_for_issue,.,c3261b8bcf9d5f42839021e3eecc0bc6e512ef00,TRUE,TRUE,FALSE,FALSE,1,16,13,3,20,6.564143519
https://github.com/alibaba/fastjson,5c6d6fd471ea1fab59f0df2dd31e0b936806780d,.,com.alibaba.json.bvt.issue_1500.Issue1584.test_for_issue,TRUE,b7c4d4e342b9a9db9af8beeba813e7256475a643,com.alibaba.json.bvt.issue_1500.Issue1584.test_for_issue,.,b7c4d4e342b9a9db9af8beeba813e7256475a643,,,,,,,,,,
https://github.com/alibaba/fastjson,5c6d6fd471ea1fab59f0df2dd31e0b936806780d,.,com.alibaba.json.bvt.issue_1700.Issue1780_JSONObject.test_for_issue,TRUE,22abbf7c2fbe6548af6f4e622e648e4f396f0b0f,com.alibaba.json.bvt.issue_1700.Issue1780_JSONObject.test_for_issue,.,22abbf7c2fbe6548af6f4e622e648e4f396f0b0f,,,,,,,,,,
https://github.com/alibaba/fastjson,5c6d6fd471ea1fab59f0df2dd31e0b936806780d,.,com.alibaba.json.bvt.issue_1700.Issue1780_Module.test_for_issue,TRUE,22abbf7c2fbe6548af6f4e622e648e4f396f0b0f,com.alibaba.json.bvt.issue_1700.Issue1780_Module.test_for_issue,.,22abbf7c2fbe6548af6f4e622e648e4f396f0b0f,,,,,,,,,,
https://github.com/alibaba/fastjson,5c6d6fd471ea1fab59f0df2dd31e0b936806780d,.,com.alibaba.json.bvt.issue_1900.Issue1972.test_for_issue,TRUE,2ce3c5e3609b4b6c746f5a54455871cfbbf14735,com.alibaba.json.bvt.issue_1900.Issue1972.test_for_issue,.,2ce3c5e3609b4b6c746f5a54455871cfbbf14735,,,,,,,,,,
https://github.com/alibaba/fastjson,5c6d6fd471ea1fab59f0df2dd31e0b936806780d,.,com.alibaba.json.bvt.issue_2100.Issue2182.test_for_issue,TRUE,2e2dc5f0b092d3ac4c99e1d11096ca6067d4eb90,com.alibaba.json.bvt.issue_2100.Issue2182.test_for_issue,.,2e2dc5f0b092d3ac4c99e1d11096ca6067d4eb90,,,,,,,,,,
https://github.com/alibaba/fastjson,5c6d6fd471ea1fab59f0df2dd31e0b936806780d,.,com.alibaba.json.bvt.issue_2400.Issue2428.test_for_issue,TRUE,c88dc12e584964480f38f0b2713ec1e0fc4a7cf3,com.alibaba.json.bvt.issue_2400.Issue2428.test_for_issue,.,c88dc12e584964480f38f0b2713ec1e0fc4a7cf3,,,,,,,,,,
https://github.com/alibaba/fastjson,5c6d6fd471ea1fab59f0df2dd31e0b936806780d,.,com.alibaba.json.bvt.issue_2400.Issue2430.testForIssue2,TRUE,d16add81ed3e72dd1cc2d8b1705253bc65b23700,com.alibaba.json.bvt.issue_2400.Issue2430.testForIssue2,.,d16add81ed3e72dd1cc2d8b1705253bc65b23700,,,,,,,,,,
https://github.com/alibaba/fastjson,5c6d6fd471ea1fab59f0df2dd31e0b936806780d,.,com.alibaba.json.bvt.issue_2400.Issue2430.testForIssue,TRUE,d16add81ed3e72dd1cc2d8b1705253bc65b23700,com.alibaba.json.bvt.issue_2400.Issue2430.testForIssue,.,d16add81ed3e72dd1cc2d8b1705253bc65b23700,,,,,,,,,,
https://github.com/alibaba/fastjson,5c6d6fd471ea1fab59f0df2dd31e0b936806780d,.,com.alibaba.json.bvt.issue_2400.Issue2447.test_for_issue2,TRUE,0fc00c9e1a774e563b3b7b0e982f7f375bf84b19,com.alibaba.json.bvt.issue_2400.Issue2447.test_for_issue2,.,0fc00c9e1a774e563b3b7b0e982f7f375bf84b19,,,,,,,,,,
https://github.com/alibaba/fastjson,5c6d6fd471ea1fab59f0df2dd31e0b936806780d,.,com.alibaba.json.bvt.issue_2400.Issue2447.test_for_issue,TRUE,0fc00c9e1a774e563b3b7b0e982f7f375bf84b19,com.alibaba.json.bvt.issue_2400.Issue2447.test_for_issue,.,0fc00c9e1a774e563b3b7b0e982f7f375bf84b19,,,,,,,,,,
https://github.com/alibaba/fastjson,5c6d6fd471ea1fab59f0df2dd31e0b936806780d,.,com.alibaba.json.bvt.jsonp.JSONPParseTest2.test_f,TRUE,29e0091091e76c757a3ca796d43c38ec04e01e6a,com.alibaba.json.bvt.jsonp.JSONPParseTest2.test_f,.,29e0091091e76c757a3ca796d43c38ec04e01e6a,,,,,,,,,,
https://github.com/alibaba/fastjson,5c6d6fd471ea1fab59f0df2dd31e0b936806780d,.,com.alibaba.json.bvt.jsonp.JSONPParseTest3.test_f,TRUE,29e0091091e76c757a3ca796d43c38ec04e01e6a,com.alibaba.json.bvt.jsonp.JSONPParseTest3.test_f,.,29e0091091e76c757a3ca796d43c38ec04e01e6a,,,,,,,,,,
https://github.com/alibaba/fastjson,5c6d6fd471ea1fab59f0df2dd31e0b936806780d,.,com.alibaba.json.bvt.path.JSONPath_reverse_test.test_reserve3,TRUE,c9abb11051242e8436101fc7dbc4a6436211b86c,com.alibaba.json.bvt.path.JSONPath_reverse_test.test_reserve3,.,c9abb11051242e8436101fc7dbc4a6436211b86c,,,,,,,,,,
https://github.com/alibaba/fastjson,5c6d6fd471ea1fab59f0df2dd31e0b936806780d,.,com.alibaba.json.bvt.path.JSONPath_reverse_test.test_reserve,FALSE,8a6ba555439df7208abbacf807e845bfc70219c9,com.alibaba.json.bvt.path.JSONPath_reverse_test.test_reserve,.,08373a8a41d5412270d3a34589afeee865829811,TRUE,TRUE,TRUE,TRUE,0,1,0,0,1,0.6511226852
https://github.com/alibaba/fastjson,5c6d6fd471ea1fab59f0df2dd31e0b936806780d,.,com.alibaba.json.bvt.support.spring.mock.testcase.FastJsonpHttpMessageConverter4Case1Test.test1_2,TRUE,32fbffdef6386427c9b38e318984ef9ad5b78402,com.alibaba.json.bvt.support.spring.mock.testcase.FastJsonpHttpMessageConverter4Case1Test.test1_2,.,32fbffdef6386427c9b38e318984ef9ad5b78402,,,,,,,,,,
https://github.com/alibaba/fastjson,5c6d6fd471ea1fab59f0df2dd31e0b936806780d,.,com.alibaba.json.bvt.writeClassName.WriteClassNameTest_Map.test_list,FALSE,931f5fe4c5e808ed4db97375572a21d4cd5dcfaf,com.alibaba.json.bvt.writeClassName.WriteClassNameTest_Map.test_list,.,f47d324c6afd0b3c3437be0b0a6a48f3ba0d3291,TRUE,TRUE,TRUE,FALSE,1,3,4,0,4,1.191921296
https://github.com/alibaba/fastjson,5c6d6fd471ea1fab59f0df2dd31e0b936806780d,.,com.alibaba.json.bvt.support.spring.mock.testcase.FastJsonpHttpMessageConverter4Case1Test.test2_2,TRUE,32fbffdef6386427c9b38e318984ef9ad5b78402,com.alibaba.json.bvt.support.spring.mock.testcase.FastJsonpHttpMessageConverter4Case1Test.test2_2,.,32fbffdef6386427c9b38e318984ef9ad5b78402,,,,,,,,,,
https://github.com/alibaba/fastjson,5c6d6fd471ea1fab59f0df2dd31e0b936806780d,.,com.alibaba.json.bvt.writeClassName.WriteDuplicateType.test_dupType2,TRUE,64d6ecb9c0d131ddf268478372b6a58540a44686,com.alibaba.json.bvt.writeClassName.WriteDuplicateType.test_dupType2,.,64d6ecb9c0d131ddf268478372b6a58540a44686,,,,,,,,,,
https://github.com/alibaba/fastjson,5c6d6fd471ea1fab59f0df2dd31e0b936806780d,.,com.alibaba.json.bvt.support.spring.mock.testcase.FastJsonpHttpMessageConverter4Case2Test.test1_2,TRUE,32fbffdef6386427c9b38e318984ef9ad5b78402,com.alibaba.json.bvt.support.spring.mock.testcase.FastJsonpHttpMessageConverter4Case2Test.test1_2,.,32fbffdef6386427c9b38e318984ef9ad5b78402,,,,,,,,,,
https://github.com/alibaba/fastjson,5c6d6fd471ea1fab59f0df2dd31e0b936806780d,.,com.alibaba.json.bvt.support.spring.mock.testcase.FastJsonpHttpMessageConverter4Case2Test.test2_2,TRUE,32fbffdef6386427c9b38e318984ef9ad5b78402,com.alibaba.json.bvt.support.spring.mock.testcase.FastJsonpHttpMessageConverter4Case2Test.test2_2,.,32fbffdef6386427c9b38e318984ef9ad5b78402,,,,,,,,,,
https://github.com/alibaba/fastjson,5c6d6fd471ea1fab59f0df2dd31e0b936806780d,.,com.alibaba.json.bvt.support.spring.mock.testcase.FastJsonpHttpMessageConverter4Case3Test.test1_2,TRUE,420d6119e0ca9cb1d9244770beb463955f10e928,com.alibaba.json.bvt.support.spring.mock.testcase.FastJsonpHttpMessageConverter4Case3Test.test1_2,.,420d6119e0ca9cb1d9244770beb463955f10e928,,,,,,,,,,
https://github.com/alibaba/fastjson,5c6d6fd471ea1fab59f0df2dd31e0b936806780d,.,com.alibaba.json.bvt.support.spring.mock.testcase.FastJsonpHttpMessageConverter4Case3Test.test2_2,TRUE,420d6119e0ca9cb1d9244770beb463955f10e928,com.alibaba.json.bvt.support.spring.mock.testcase.FastJsonpHttpMessageConverter4Case3Test.test2_2,.,420d6119e0ca9cb1d9244770beb463955f10e928,,,,,,,,,,
https://github.com/alibaba/fastjson,5c6d6fd471ea1fab59f0df2dd31e0b936806780d,.,com.alibaba.json.bvt.writeClassName.WriteDuplicateType.test_dupType,TRUE,197ba6c5a712c56c00c48dec726e55e363d10d42,com.alibaba.json.bvt.writeClassName.WriteDuplicateType.test_dupType,.,197ba6c5a712c56c00c48dec726e55e363d10d42,,,,,,,,,,
https://github.com/apache/hadoop,cc2babc1f75c93bf89a8f10da525f944c15d02ea,hadoop-mapreduce-project/hadoop-mapreduce-client/hadoop-mapreduce-client-core,org.apache.hadoop.mapreduce.jobhistory.TestHistoryViewerPrinter.testHumanPrinterAll,TRUE,8eee59ce6b3044cb73bb41fed6b7ece959e7c2f8,org.apache.hadoop.mapreduce.jobhistory.TestHistoryViewerPrinter.testHumanPrinterAll,hadoop-mapreduce-project/hadoop-mapreduce-client/hadoop-mapreduce-client-core,8eee59ce6b3044cb73bb41fed6b7ece959e7c2f8,,,,,,,,,,
https://github.com/apache/hadoop,cc2babc1f75c93bf89a8f10da525f944c15d02ea,hadoop-mapreduce-project/hadoop-mapreduce-client/hadoop-mapreduce-client-core,org.apache.hadoop.mapreduce.task.reduce.TestFetcher.testCopyFromHostWithRetryUnreserve,TRUE,bc1bd7e5c4047b374420683d36a8c30eda6d75b6,org.apache.hadoop.mapreduce.task.reduce.TestFetcher.testCopyFromHostWithRetryUnreserve,hadoop-mapreduce-project/hadoop-mapreduce-client/hadoop-mapreduce-client-core,bc1bd7e5c4047b374420683d36a8c30eda6d75b6,,,,,,,,,,
https://github.com/Apache/Struts,13d9053050c9e4fb2ef049db6a37d3f6eebf48fa,plugins/rest,org.apache.struts2.rest.handler.JacksonXmlHandlerTest.testObjectToXml,TRUE,9260720568cee9e868d2899228eceed0c3359323,org.apache.struts2.rest.handler.JacksonXmlHandlerTest.testObjectToXml,plugins/rest,9260720568cee9e868d2899228eceed0c3359323,,,,,,,,,,
https://github.com/doanduyhai/Achilles,e3099bdce342910951c4862c78751fd81ed4552e,integration-test-2_1,info.archinnov.achilles.it.bugs.TestEntityWithCaseSensitivePKIT.should_dsl_select_with_token_value,TRUE,d74639191f44da85b4f0d3d1c78f9b792c8650ed,info.archinnov.achilles.it.bugs.TestEntityWithCaseSensitivePKIT.should_dsl_select_with_token_value,integration-test-2_1,d74639191f44da85b4f0d3d1c78f9b792c8650ed,,,,,,,,,,
https://github.com/dropwizard/dropwizard,07dfaed697427e208d65049f80a5d1949833b7cd,dropwizard-e2e,com.example.app1.App1Test.customJsonProviderClient,FALSE,d3b6e6a3d6a2326ef2222b2fb39ccbb6fe80cb6c,com.example.app1.App1Test.customJsonProviderClient,dropwizard-e2e,0d143d7bc35351a135f8dc82c5e6f78d1eb39268,TRUE,TRUE,TRUE,TRUE,3,206,221,226,554,581.5646181
https://github.com/dropwizard/dropwizard,07dfaed697427e208d65049f80a5d1949833b7cd,dropwizard-e2e,com.example.app1.App1Test.customJsonProvider,FALSE,d3b6e6a3d6a2326ef2222b2fb39ccbb6fe80cb6c,com.example.app1.App1Test.customJsonProvider,dropwizard-e2e,0d143d7bc35351a135f8dc82c5e6f78d1eb39268,TRUE,TRUE,TRUE,TRUE,3,206,221,226,554,581.5646181
https://github.com/dropwizard/dropwizard,07dfaed697427e208d65049f80a5d1949833b7cd,dropwizard-e2e,com.example.app1.App1Test.customJsonProviderRoundtrip,FALSE,d3b6e6a3d6a2326ef2222b2fb39ccbb6fe80cb6c,com.example.app1.App1Test.customJsonProviderRoundtrip,dropwizard-e2e,0d143d7bc35351a135f8dc82c5e6f78d1eb39268,TRUE,TRUE,TRUE,TRUE,3,206,221,226,554,581.5646181
https://github.com/dropwizard/dropwizard,07dfaed697427e208d65049f80a5d1949833b7cd,dropwizard-configuration,io.dropwizard.configuration.JsonConfigurationFactoryTest.printsDidYouMeanOnUnrecognizedField,TRUE,afac20cff601339b22c3741ff92206607ee86cc2,io.dropwizard.configuration.ConfigurationFactoryTest.printsDidYouMeanOnUnrecognizedField,dropwizard-configuration,afac20cff601339b22c3741ff92206607ee86cc2,,,,,,,,,,
https://github.com/dropwizard/dropwizard,07dfaed697427e208d65049f80a5d1949833b7cd,dropwizard-configuration,io.dropwizard.configuration.YamlConfigurationFactoryTest.printsDidYouMeanOnUnrecognizedField,FALSE,afac20cff601339b22c3741ff92206607ee86cc2,io.dropwizard.configuration.ConfigurationFactoryTest.printsDetailedInformationOnMalformedYaml,dropwizard-configuration,ec264da8667b8dc5f1aefb003445ed37750444ea,TRUE,TRUE,TRUE,FALSE,23,234,257,179,552,378.7844791
https://github.com/dropwizard/dropwizard,07dfaed697427e208d65049f80a5d1949833b7cd,dropwizard-jackson,io.dropwizard.jackson.JacksonTest.objectMapperSerializesNullValues,TRUE,99e9d63cb94344344c295c13119e0f7cce96b7cc,io.dropwizard.jackson.JacksonTest.objectMapperSerializesNullValues,dropwizard-jackson,99e9d63cb94344344c295c13119e0f7cce96b7cc,,,,,,,,,,
https://github.com/dropwizard/dropwizard,07dfaed697427e208d65049f80a5d1949833b7cd,dropwizard-jersey,io.dropwizard.jersey.errors.LoggingExceptionMapperTest.handlesMethodNotAllowedWithHeaders,TRUE,0e34c660a35269b6e1524b972430af5157312c22,io.dropwizard.jersey.errors.LoggingExceptionMapperTest.handlesMethodNotAllowedWithHeaders,dropwizard-jersey,0e34c660a35269b6e1524b972430af5157312c22,,,,,,,,,,
https://github.com/dropwizard/dropwizard,07dfaed697427e208d65049f80a5d1949833b7cd,dropwizard-jersey,io.dropwizard.jersey.jackson.JacksonMessageBodyProviderTest.returnsValidatedSetRequestEntities,TRUE,7a8d2325f447f116c269721cc8a724a41ceab6d6,io.dropwizard.jersey.jackson.JacksonMessageBodyProviderTest.returnsValidatedSetRequestEntities,dropwizard-jersey,7a8d2325f447f116c269721cc8a724a41ceab6d6,,,,,,,,,,
https://github.com/dropwizard/dropwizard,07dfaed697427e208d65049f80a5d1949833b7cd,dropwizard-json-logging,io.dropwizard.logging.json.layout.JsonFormatterTest.testPrettyPrintNoLineSeparator,FALSE,6e5c9c5aef82fe7d25097d837854c6d0778f86c7,io.dropwizard.logging.json.layout.JsonFormatterTest.testPrettyPrintNoLineSeparator,dropwizard-json-logging,0d143d7bc35351a135f8dc82c5e6f78d1eb39268,TRUE,TRUE,TRUE,TRUE,1,73,75,99,197,170.6500694
https://github.com/dropwizard/dropwizard,07dfaed697427e208d65049f80a5d1949833b7cd,dropwizard-json-logging,io.dropwizard.logging.json.layout.JsonFormatterTest.testPrettyPrintWithLineSeparator,FALSE,6e5c9c5aef82fe7d25097d837854c6d0778f86c7,io.dropwizard.logging.json.layout.JsonFormatterTest.testPrettyPrintWithLineSeparator,dropwizard-json-logging,0d143d7bc35351a135f8dc82c5e6f78d1eb39268,TRUE,TRUE,TRUE,TRUE,1,73,75,99,197,170.6500694
https://github.com/dropwizard/dropwizard,07dfaed697427e208d65049f80a5d1949833b7cd,dropwizard-views-freemarker,io.dropwizard.views.freemarker.MultipleContentTypeTest.testJsonContentType,TRUE,d0de96ee63c494bb34a49d4cb4c7be255a4fe035,io.dropwizard.views.freemarker.MultipleContentTypeTest.testJsonContentType,dropwizard-views-freemarker,d0de96ee63c494bb34a49d4cb4c7be255a4fe035,,,,,,,,,,
https://github.com/dropwizard/dropwizard,07dfaed697427e208d65049f80a5d1949833b7cd,dropwizard-views-freemarker,io.dropwizard.views.freemarker.MultipleContentTypeTest.testOnlyJsonContentType,TRUE,d0de96ee63c494bb34a49d4cb4c7be255a4fe035,io.dropwizard.views.freemarker.MultipleContentTypeTest.testOnlyJsonContentType,dropwizard-views-freemarker,d0de96ee63c494bb34a49d4cb4c7be255a4fe035,,,,,,,,,,
https://github.com/eclipse-ee4j/tyrus,d86e0cb0a4f26ba89daf8668137c156e57fea565,tests/e2e/non-deployable,org.glassfish.tyrus.test.e2e.non_deployable.MaxMessageSizeDeploymentTest.clientMaxMessageSizeTooLargeTest,TRUE,ce3b8c76c8e25d6f60463c6ec544330aee6c6b3b,org.glassfish.tyrus.test.e2e.non_deployable.MaxMessageSizeDeploymentTest.clientMaxMessageSizeTooLargeTest,tests/e2e/non-deployable,ce3b8c76c8e25d6f60463c6ec544330aee6c6b3b,,,,,,,,,,
https://github.com/eclipse-ee4j/tyrus,d86e0cb0a4f26ba89daf8668137c156e57fea565,tests/e2e/non-deployable,org.glassfish.tyrus.test.e2e.non_deployable.MaxMessageSizeDeploymentTest.serverMaxMessageSizeTooLargeTest,TRUE,ce3b8c76c8e25d6f60463c6ec544330aee6c6b3b,org.glassfish.tyrus.test.e2e.non_deployable.MaxMessageSizeDeploymentTest.serverMaxMessageSizeTooLargeTest,tests/e2e/non-deployable,ce3b8c76c8e25d6f60463c6ec544330aee6c6b3b,,,,,,,,,,
https://github.com/elasticjob/elastic-job-lite,b022898ef1b8c984e17efb2a422ee45f6b13e46e,elastic-job-lite-core,io.elasticjob.lite.executor.type.SimpleJobExecutorTest.assertExecuteWhenRunOnceAndThrowExceptionForMultipleShardingItems,FALSE,07badefa8361143881ec00aa797fe9900f52e4d8,com.dangdang.ddframe.job.executor.type.SimpleJobExecutorTest.assertExecuteWhenRunOnceAndThrowExceptionForMultipleShardingItems,elastic-job-core,f72c8390b471dbf6515ef4acd38d5419ea6c7e46,TRUE,TRUE,TRUE,FALSE,6,130,166,32,225,81.9526736
https://github.com/elasticjob/elastic-job-lite,b022898ef1b8c984e17efb2a422ee45f6b13e46e,elastic-job-lite-lifecycle,io.elasticjob.lite.lifecycle.internal.settings.JobSettingsAPIImplTest.assertUpdateJobSettings,FALSE,a45d9a66c8f901ebd650bf787f1e6e9e70850895,com.dangdang.ddframe.job.internal.settings.JobSettingsAPIImplTest.assertUpdateJobSettings,elastic-job-api/elastic-job-api-core,87b67c2a59688d7044d3b692089576b48cce12f4,FALSE,TRUE,TRUE,FALSE,4,78,118,47,145,71.9951157
https://github.com/espertechinc/esper,590fa9c9eb854f1420b9d337b802aca19f963cc0,common,com.espertech.esper.common.client.configuration.TestConfigurationParser.testRegressionFileConfig,FALSE,403b6815b621094d00511ca536b78a7af411fde0,com.espertech.esper.client.TestConfigurationParser.testRegressionFileConfig,esper,bcbf10e85f188a384378ffb909ad87277d33a48d,FALSE,FALSE,FALSE,TRUE,15,128,227,32,254,650.0496875
https://github.com/fhoeben/hsac-fitnesse-fixtures,a64c18d9c4bac8271275c7b089d40be20f0604b5,.,nl.hsac.fitnesse.fixture.slim.JsonHttpTestTest.testDeleteValuesAsJson,TRUE,393ce141242811ccdcfe9aa443798bb92546da2b,nl.hsac.fitnesse.fixture.slim.JsonHttpTestTest.testDeleteValuesAsJson,.,393ce141242811ccdcfe9aa443798bb92546da2b,,,,,,,,,,
https://github.com/fhoeben/hsac-fitnesse-fixtures,a64c18d9c4bac8271275c7b089d40be20f0604b5,.,nl.hsac.fitnesse.fixture.slim.JsonHttpTestTest.testFormatJsonArray,TRUE,60b582ff24e6d959e3840471fe83f2b4ad9c1b0b,nl.hsac.fitnesse.fixture.slim.JsonHttpTestTest.testFormatJsonArray,.,60b582ff24e6d959e3840471fe83f2b4ad9c1b0b,,,,,,,,,,
https://github.com/fhoeben/hsac-fitnesse-fixtures,a64c18d9c4bac8271275c7b089d40be20f0604b5,.,nl.hsac.fitnesse.fixture.slim.JsonHttpTestTest.testFormatJson,TRUE,049c6a1fcb1279f8359851a5e0c02facf8ffe5cd,nl.hsac.fitnesse.fixture.slim.JsonHttpTestTest.testFormatJson,.,049c6a1fcb1279f8359851a5e0c02facf8ffe5cd,,,,,,,,,,
https://github.com/fhoeben/hsac-fitnesse-fixtures,a64c18d9c4bac8271275c7b089d40be20f0604b5,.,nl.hsac.fitnesse.fixture.slim.JsonHttpTestTest.testPostValuesAsJson,TRUE,393ce141242811ccdcfe9aa443798bb92546da2b,nl.hsac.fitnesse.fixture.slim.JsonHttpTestTest.testPostValuesAsJson,.,393ce141242811ccdcfe9aa443798bb92546da2b,,,,,,,,,,
https://github.com/fhoeben/hsac-fitnesse-fixtures,a64c18d9c4bac8271275c7b089d40be20f0604b5,.,nl.hsac.fitnesse.fixture.slim.JsonHttpTestTest.testPutValuesAsJson,TRUE,393ce141242811ccdcfe9aa443798bb92546da2b,nl.hsac.fitnesse.fixture.slim.JsonHttpTestTest.testPutValuesAsJson,.,393ce141242811ccdcfe9aa443798bb92546da2b,,,,,,,,,,
https://github.com/fhoeben/hsac-fitnesse-fixtures,a64c18d9c4bac8271275c7b089d40be20f0604b5,.,nl.hsac.fitnesse.fixture.util.JsonHelperTest.testFormatSimple,TRUE,33c52f3004d418d32ce99d40bc1984a12fbefa5c,nl.hsac.fitnesse.fixture.util.JsonHelperTest.testFormatSimple,.,33c52f3004d418d32ce99d40bc1984a12fbefa5c,,,,,,,,,,
https://github.com/fhoeben/hsac-fitnesse-fixtures,a64c18d9c4bac8271275c7b089d40be20f0604b5,.,nl.hsac.fitnesse.fixture.util.JsonHelperTest.testSortingOnNumber,TRUE,1ec2b990194fc7dec081cbea57d9b5e881b3535d,nl.hsac.fitnesse.fixture.util.JsonHelperTest.testSortingOnNumber,.,1ec2b990194fc7dec081cbea57d9b5e881b3535d,,,,,,,,,,
https://github.com/fhoeben/hsac-fitnesse-fixtures,a64c18d9c4bac8271275c7b089d40be20f0604b5,.,nl.hsac.fitnesse.fixture.util.JsonHelperTest.testSortingOnString,TRUE,1ec2b990194fc7dec081cbea57d9b5e881b3535d,nl.hsac.fitnesse.fixture.util.JsonHelperTest.testSortingOnString,.,1ec2b990194fc7dec081cbea57d9b5e881b3535d,,,,,,,,,,
https://github.com/fhoeben/hsac-fitnesse-fixtures,a64c18d9c4bac8271275c7b089d40be20f0604b5,.,nl.hsac.fitnesse.fixture.util.NamespaceContextImplTest.testAddMultipleGet,TRUE,04886b34567d7af4c7edfcaff2d45fd680ed5225,nl.hsac.fitnesse.fixture.util.NamespaceContextImplTest.testAddMultipleGet,.,04886b34567d7af4c7edfcaff2d45fd680ed5225,,,,,,,,,,
https://github.com/fhoeben/hsac-fitnesse-fixtures,a64c18d9c4bac8271275c7b089d40be20f0604b5,.,nl.hsac.fitnesse.fixture.util.XmlHttpResponseTest.testCheckXPathsIncorrect,TRUE,04886b34567d7af4c7edfcaff2d45fd680ed5225,nl.hsac.fitnesse.fixture.util.XmlHttpResponseTest.testCheckXPathsIncorrect,.,04886b34567d7af4c7edfcaff2d45fd680ed5225,,,,,,,,,,
https://github.com/fluent/fluent-logger-java,da14ec349bf0904da9865940b57b87563616ee04,.,org.fluentd.logger.sender.TestRawSocketSender.testReconnectAfterBufferFull,FALSE,ee5e27c983a3c5b3e3c4dc27dace47cca99aa0ca,org.fluentd.logger.sender.TestRawSocketSender.testReconnectAfterBufferFull,.,fb8e206cf3fc64d5c33a7e2905a43d0491df0048,FALSE,TRUE,TRUE,FALSE,10,25,33,10,57,739.952581
https://github.com/fromage/redpipe,0aff891d6befdf0dcc2bdbfda22262cdf82ac66f,redpipe-templating-freemarker,net.redpipe.templating.freemarker.ApiTest.checkTemplateNegociationDefault,TRUE,2fc605bc2fad4aadbb3b05282f528a05673df2ca,net.redpipe.templating.freemarker.ApiTest.checkTemplateNegociationDefault,redpipe-templating-freemarker,2fc605bc2fad4aadbb3b05282f528a05673df2ca,,,,,,,,,,
https://github.com/jhipster/jhipster-registry,00db36611da5fc7aaf9d5372aa90f2465d80c0c4,.,io.github.jhipster.registry.web.rest.LogsResourceTest.changeLevelTest,TRUE,3356b26a85e92ab21163552459a2663c6a16f997,io.github.jhipster.registry.web.rest.LogsResourceTest.changeLevelTest,.,3356b26a85e92ab21163552459a2663c6a16f997,,,,,,,,,,
https://github.com/looly/hutool,91565d052d2771dd26547e79c619ee8c31497e8f,hutool-core,cn.hutool.core.io.FileTypeUtilTest.fileTypeUtilTest,TRUE,60ba2102a2582ac88bfbd63f14740871245812d8,com.xiaoleilu.hutool.core.io.FileTypeUtilTest.fileTypeUtilTest,hutool-core,60ba2102a2582ac88bfbd63f14740871245812d8,,,,,,,,,,
https://github.com/nationalsecurityagency/timely,3a8cbd3378cffdc96aad1c52e9b0b2e1481ca45f,server,timely.api.response.timeseries.QueryResponseTest.testOneResponse,TRUE,9851638c327305e7f4696d4301fefd7d3047dffa,timely.api.query.response.QueryResponseTest.testOneResponse,server,9851638c327305e7f4696d4301fefd7d3047dffa,,,,,,,,,,
https://github.com/nationalsecurityagency/timely,3a8cbd3378cffdc96aad1c52e9b0b2e1481ca45f,server,timely.api.response.timeseries.SearchLookupResponseTest.testResponse1,TRUE,9851638c327305e7f4696d4301fefd7d3047dffa,timely.api.query.response.SearchLookupResponseTest.testResponse1,server,9851638c327305e7f4696d4301fefd7d3047dffa,,,,,,,,,,
https://github.com/nationalsecurityagency/timely,3a8cbd3378cffdc96aad1c52e9b0b2e1481ca45f,server,timely.auth.AuthCacheTest.testGetAuths,TRUE,f912458faa59f901e5e69eedd41c1308b20ec830,timely.auth.AuthCacheTest.testGetAuths,server,f912458faa59f901e5e69eedd41c1308b20ec830,,,,,,,,,,
https://github.com/orbit/orbit,c4904af2f3745fea93871493edd7e09348e77768,actors/json,cloud.orbit.actors.extensions.json.JsonSerializerTest.test,TRUE,a2b523efa3dde7b6f2483259c64f7a6988192511,com.ea.orbit.actors.extensions.json.JsonSerializerTest.test,actors/extensions/json,a2b523efa3dde7b6f2483259c64f7a6988192511,,,,,,,,,,
https://github.com/orbit/orbit,c4904af2f3745fea93871493edd7e09348e77768,actors/runtime,cloud.orbit.actors.extensions.test.ConstructionTest.testConstruction,FALSE,ebcc9ef41fb99b2a7d9d571e62085e668c3e4385,cloud.orbit.actors.extensions.test.ConstructionTest.testConstruction,actors/runtime,553f955ac00c860d296df899cea6956327c35ab9,FALSE,FALSE,TRUE,TRUE,3,23,76,71,143,408.3925579
https://github.com/orbit/orbit,c4904af2f3745fea93871493edd7e09348e77768,actors/runtime,cloud.orbit.actors.extensions.test.ConstructionTest.testDefaultConstruction,FALSE,ebcc9ef41fb99b2a7d9d571e62085e668c3e4385,cloud.orbit.actors.extensions.test.ConstructionTest.testDefaultConstruction,actors/runtime,553f955ac00c860d296df899cea6956327c35ab9,FALSE,FALSE,TRUE,TRUE,3,23,76,71,143,408.3925579
https://github.com/orbit/orbit,c4904af2f3745fea93871493edd7e09348e77768,actors/test/actor-tests,cloud.orbit.actors.test.GenericActorStateTest.testGenericStateActor,TRUE,dd74fb20c16c28f1e73307052fbf84ba988b66b6,com.ea.orbit.actors.test.GenericActorStateTest.testGenericStateActor,actors/test/actor-tests,dd74fb20c16c28f1e73307052fbf84ba988b66b6,,,,,,,,,,
https://github.com/orbit/orbit,c4904af2f3745fea93871493edd7e09348e77768,actors/test/actor-tests,cloud.orbit.actors.test.serialization.JsonReferenceSerializationTest.testClassWithInnerValues,TRUE,bd0f36bbfdf82369a57b8008946a101074537ada,com.ea.orbit.actors.test.JsonReferenceSerializationTest.testClassWithInnerValues,actors/test/actor-tests,bd0f36bbfdf82369a57b8008946a101074537ada,,,,,,,,,,
https://github.com/OryxProject/oryx,72ae4bb3cc49d92b77e76d8a30fca8b6549b8865,framework/oryx-common,com.cloudera.oryx.common.text.TextUtilsTest.testJSONMap,TRUE,868f885e17dd59c39de262bc6623447b15437fa5,com.cloudera.oryx.common.text.TextUtilsTest.testJSONMap,oryx-common,868f885e17dd59c39de262bc6623447b15437fa5,,,,,,,,,,
https://github.com/pholser/junit-quickcheck,9361b6dae25b193782604d071754eb7fc566390a,core,com.pholser.junit.quickcheck.ExhaustingAGivenSetButIncludingAnotherTest.manyParameters,TRUE,a0115ac5639891fb52e0a9e9d9d2fae17dfd0521,com.pholser.junit.quickcheck.ExhaustingAGivenSetButIncludingAnotherTest.manyParameters,core,a0115ac5639891fb52e0a9e9d9d2fae17dfd0521,,,,,,,,,,
https://github.com/pholser/junit-quickcheck,9361b6dae25b193782604d071754eb7fc566390a,core,com.pholser.junit.quickcheck.ExhaustingAGivenSetButIncludingAnotherTest.manyParametersWithBooleanAndEnum,TRUE,a0115ac5639891fb52e0a9e9d9d2fae17dfd0521,com.pholser.junit.quickcheck.ExhaustingAGivenSetButIncludingAnotherTest.manyParametersWithBooleanAndEnum,core,a0115ac5639891fb52e0a9e9d9d2fae17dfd0521,,,,,,,,,,
https://github.com/pholser/junit-quickcheck,9361b6dae25b193782604d071754eb7fc566390a,core,com.pholser.junit.quickcheck.ExhaustingAGivenSetTest.manyParameters,TRUE,a0115ac5639891fb52e0a9e9d9d2fae17dfd0521,com.pholser.junit.quickcheck.ExhaustingAGivenSetTest.manyParameters,core,a0115ac5639891fb52e0a9e9d9d2fae17dfd0521,,,,,,,,,,
https://github.com/pholser/junit-quickcheck,9361b6dae25b193782604d071754eb7fc566390a,core,com.pholser.junit.quickcheck.generator.BoxOfSuperLongPropertyParameterTest.producesExpectedRandomValues,TRUE,44807983e54f8344df3018c012acbb6637928790,com.pholser.junit.quickcheck.generator.BoxOfSuperLongPropertyParameterTest.producesExpectedRandomValues,core,44807983e54f8344df3018c012acbb6637928790,,,,,,,,,,
https://github.com/pholser/junit-quickcheck,9361b6dae25b193782604d071754eb7fc566390a,core,com.pholser.junit.quickcheck.generator.BoxOfSuperLongPropertyParameterTest.verifyInteractionWithRandomness,TRUE,44807983e54f8344df3018c012acbb6637928790,com.pholser.junit.quickcheck.generator.BoxOfSuperLongPropertyParameterTest.verifyInteractionWithRandomness,core,44807983e54f8344df3018c012acbb6637928790,,,,,,,,,,
https://github.com/pholser/junit-quickcheck,9361b6dae25b193782604d071754eb7fc566390a,generators,com.pholser.junit.quickcheck.generator.java.util.ListOfSuperLongPropertyParameterTest.producesExpectedRandomValues,TRUE,44807983e54f8344df3018c012acbb6637928790,com.pholser.junit.quickcheck.generator.java.util.ListOfSuperLongPropertyParameterTest.producesExpectedRandomValues,generators,44807983e54f8344df3018c012acbb6637928790,,,,,,,,,,
https://github.com/pholser/junit-quickcheck,9361b6dae25b193782604d071754eb7fc566390a,generators,com.pholser.junit.quickcheck.generator.java.util.ListOfSuperLongPropertyParameterTest.verifyInteractionWithRandomness,TRUE,44807983e54f8344df3018c012acbb6637928790,com.pholser.junit.quickcheck.generator.java.util.ListOfSuperLongPropertyParameterTest.verifyInteractionWithRandomness,generators,44807983e54f8344df3018c012acbb6637928790,,,,,,,,,,
https://github.com/pholser/junit-quickcheck,9361b6dae25b193782604d071754eb7fc566390a,generators,com.pholser.junit.quickcheck.generator.java.util.SetOfSuperFloatPropertyParameterTest.producesExpectedRandomValues,TRUE,44807983e54f8344df3018c012acbb6637928790,com.pholser.junit.quickcheck.generator.java.util.SetOfSuperFloatPropertyParameterTest.producesExpectedRandomValues,generators,44807983e54f8344df3018c012acbb6637928790,,,,,,,,,,
https://github.com/pholser/junit-quickcheck,9361b6dae25b193782604d071754eb7fc566390a,generators,com.pholser.junit.quickcheck.generator.java.util.SetOfSuperFloatPropertyParameterTest.verifyInteractionWithRandomness,TRUE,44807983e54f8344df3018c012acbb6637928790,com.pholser.junit.quickcheck.generator.java.util.SetOfSuperFloatPropertyParameterTest.verifyInteractionWithRandomness,generators,44807983e54f8344df3018c012acbb6637928790,,,,,,,,,,
https://github.com/pholser/junit-quickcheck,9361b6dae25b193782604d071754eb7fc566390a,core,com.pholser.junit.quickcheck.internal.generator.ExplicitGroupOfPropertyParameterGeneratorsChosenWithDiscreteProbabilityTest.producesExpectedRandomValues,TRUE,44807983e54f8344df3018c012acbb6637928790,com.pholser.junit.quickcheck.internal.generator.ExplicitGroupOfPropertyParameterGeneratorsChosenWithDiscreteProbabilityTest.producesExpectedRandomValues,core,44807983e54f8344df3018c012acbb6637928790,,,,,,,,,,
https://github.com/pholser/junit-quickcheck,9361b6dae25b193782604d071754eb7fc566390a,core,com.pholser.junit.quickcheck.internal.generator.ExplicitGroupOfPropertyParameterGeneratorsChosenWithEqualProbabilityTest.producesExpectedRandomValues,TRUE,44807983e54f8344df3018c012acbb6637928790,com.pholser.junit.quickcheck.internal.generator.ExplicitGroupOfPropertyParameterGeneratorsChosenWithEqualProbabilityTest.producesExpectedRandomValues,core,44807983e54f8344df3018c012acbb6637928790,,,,,,,,,,
https://github.com/pholser/junit-quickcheck,9361b6dae25b193782604d071754eb7fc566390a,core,com.pholser.junit.quickcheck.internal.generator.ExplicitPropertyParameterGeneratorsChosenWithEqualProbabilityTest.producesExpectedRandomValues,TRUE,44807983e54f8344df3018c012acbb6637928790,com.pholser.junit.quickcheck.internal.generator.ExplicitPropertyParameterGeneratorsChosenWithEqualProbabilityTest.producesExpectedRandomValues,core,44807983e54f8344df3018c012acbb6637928790,,,,,,,,,,
https://github.com/querydsl/querydsl,2bf234caf78549813a1e0f44d9c30ecc5ef734e3,querydsl-apt,com.querydsl.apt.GenericExporterTest.execute2,FALSE,2c195ffa621b6382397342f72b9d2f530eb7ccfe,com.querydsl.apt.GenericExporterTest.execute2,querydsl-apt,c8f5d699c5e3674714512957916c682055069b3b,FALSE,FALSE,TRUE,FALSE,3,127,142,61,206,187.9523611
https://github.com/ripe-ncc/whois,79e90f41d7eeee42f2c3ad299bfccc4e8005ce8c,whois-api,net.ripe.db.whois.api.rdap.RdapObjectMapperTest.domain,TRUE,8bb82df2cbcf412e7d80d89350b7c9c0e9c7238c,net.ripe.db.whois.api.whois.rdap.RdapObjectMapperTest.domain,whois-api,8bb82df2cbcf412e7d80d89350b7c9c0e9c7238c,,,,,,,,,,
https://github.com/apache/hbase,801fc05e9c082ab12c7c1207087d3667ab162d1a,hbase-server,org.apache.hadoop.hbase.regionserver.TestSyncTimeRangeTracker.testConcurrentIncludeTimestampCorrectness,FALSE,9f1bfbeaab7b8eb4bb9cfbc6ccab959b025fc7cd,org.apache.hadoop.hbase.regionserver.TestSyncTimeRangeTracker.testConcurrentIncludeTimestampCorrectness,hbase-server,7c318cead902d8aa7c6defe67a6e76509c854d52,FALSE,TRUE,FALSE,TRUE,2,412,525,74,726,121.9612847
https://github.com/ripe-ncc/whois,79e90f41d7eeee42f2c3ad299bfccc4e8005ce8c,whois-api,net.ripe.db.whois.api.rdap.RdapResponseJsonTest.domain_serialization_test,TRUE,8bb82df2cbcf412e7d80d89350b7c9c0e9c7238c,net.ripe.db.whois.api.whois.rdap.RdapResponseJsonTest.domain_serialization_test,whois-api,8bb82df2cbcf412e7d80d89350b7c9c0e9c7238c,,,,,,,,,,
https://github.com/ripe-ncc/whois,79e90f41d7eeee42f2c3ad299bfccc4e8005ce8c,whois-api,net.ripe.db.whois.api.rdap.RdapResponseJsonTest.ip_serialization_test,TRUE,8bb82df2cbcf412e7d80d89350b7c9c0e9c7238c,net.ripe.db.whois.api.whois.rdap.RdapResponseJsonTest.ip_serialization_test,whois-api,8bb82df2cbcf412e7d80d89350b7c9c0e9c7238c,,,,,,,,,,
https://github.com/ripe-ncc/whois,79e90f41d7eeee42f2c3ad299bfccc4e8005ce8c,whois-api,net.ripe.db.whois.api.rdap.RdapResponseJsonTest.nameserver_serialization_test,TRUE,8bb82df2cbcf412e7d80d89350b7c9c0e9c7238c,net.ripe.db.whois.api.whois.rdap.RdapResponseJsonTest.nameserver_serialization_test,whois-api,8bb82df2cbcf412e7d80d89350b7c9c0e9c7238c,,,,,,,,,,
https://github.com/sonatype-nexus-community/nexus-repository-helm,60a9e8de0d97bfa4e3f7ee6bb87d518e398f03f2,.,org.sonatype.repository.helm.internal.util.YamlParserTest.testWriteIndexYaml,TRUE,5517c8e6c792d9a82d803737c40c7bfc3ba5033b,org.sonatype.repository.helm.internal.util.YamlParserTest.testWriteIndexYaml,.,5517c8e6c792d9a82d803737c40c7bfc3ba5033b,,,,,,,,,,
https://github.com/spring-projects/spring-boot,daa3d457b71896a758995c264977bdd1414ee4d4,spring-boot-project/spring-boot-autoconfigure,org.springframework.boot.autoconfigure.websocket.servlet.WebSocketMessagingAutoConfigurationTests.basicMessagingWithJsonResponse,TRUE,fc2e51a7734873fcf3c51b8ddba89e3d72ad7120,org.springframework.boot.autoconfigure.websocket.WebSocketMessagingAutoConfigurationTests.basicMessagingWithJsonResponse,spring-boot-autoconfigure,fc2e51a7734873fcf3c51b8ddba89e3d72ad7120,,,,,,,,,,
https://github.com/vmware/admiral,e4b02936cc7d4ff2714e7231db0c4373ba5d48a2,adapter/kubernetes,com.vmware.admiral.adapter.pks.service.KubeConfigContentServiceTest.testGetKubeConfigWithBearerToken,FALSE,0d6718dac4ee83843029d4fa63849a0693bd66f8,com.vmware.admiral.adapter.pks.service.KubeConfigContentServiceTest.testGetKubeConfigWithBearerToken,adapter/kubernetes,75b53f34f3bc53ebe37bfeefd218ca19f49f012f,TRUE,TRUE,TRUE,FALSE,1,29,50,8,99,35.92931713
https://github.com/vmware/admiral,e4b02936cc7d4ff2714e7231db0c4373ba5d48a2,adapter/registry,com.vmware.admiral.adapter.registry.service.RegistryAdapterServiceTest.testV1ListImageTags,TRUE,d0f94c53265cbfb138cf4d120108c6bdef184315,com.vmware.admiral.adapter.registry.service.RegistryAdapterServiceTest.testV1ListImageTags,adapter/registry,d0f94c53265cbfb138cf4d120108c6bdef184315,,,,,,,,,,
https://github.com/vmware/admiral,e4b02936cc7d4ff2714e7231db0c4373ba5d48a2,compute,com.vmware.admiral.compute.kubernetes.ContainerDescriptionToKubernetesDescriptionConverterServiceTest.testConvertContainerDescriptionToKubernetesDescription,TRUE,c8b1eda238d1767d5095989b17210d777515d58b,com.vmware.admiral.compute.kubernetes.ContainerDescriptionToKubernetesDescriptionConverterServiceTest.testConvertContainerDescriptionToKubernetesDescription,compute,c8b1eda238d1767d5095989b17210d777515d58b,,,,,,,,,,
https://github.com/vmware/admiral,e4b02936cc7d4ff2714e7231db0c4373ba5d48a2,request,com.vmware.admiral.request.util.LongURIGetServiceTest.testBadRequest,TRUE,2b6f9249bc89e88a30f8cfa3ccfa6579b379a4a7,com.vmware.admiral.request.util.LongURIGetServiceTest.testBadRequest,request,2b6f9249bc89e88a30f8cfa3ccfa6579b379a4a7,,,,,,,,,,
https://github.com/wildfly/wildfly,b19048b72669fc0e96665b1b125dc1fda21f5993,clustering/infinispan/extension,org.jboss.as.clustering.infinispan.subsystem.InfinispanTransformersTestCase.testTransformerEAP700,TRUE,b20521a619dd552e69cf593c9e5dd2e063b02d9b,org.jboss.as.clustering.infinispan.subsystem.InfinispanTransformersTestCase.testTransformerEAP700,clustering/infinispan/extension,b20521a619dd552e69cf593c9e5dd2e063b02d9b,,,,,,,,,,
https://github.com/wildfly/wildfly,b19048b72669fc0e96665b1b125dc1fda21f5993,clustering/infinispan/extension,org.jboss.as.clustering.infinispan.subsystem.InfinispanTransformersTestCase.testTransformerEAP710,TRUE,9dd9c5f3b7185b80f1a961846c616f167f957795,org.jboss.as.clustering.infinispan.subsystem.InfinispanTransformersTestCase.testTransformerEAP710,clustering/infinispan/extension,9dd9c5f3b7185b80f1a961846c616f167f957795,,,,,,,,,,
https://github.com/wildfly/wildfly,b19048b72669fc0e96665b1b125dc1fda21f5993,dist,org.wildfly.dist.subsystem.xml.StandardConfigsXMLValidationUnitTestCase.testStandaloneRTS,TRUE,1432b30e3d698c327e9b596889c8af26a2f80764,org.jboss.as.test.smoke.subsystem.xml.StandardConfigsXMLValidationUnitTestCase.testStandaloneRTS,testsuite/integration/smoke,1432b30e3d698c327e9b596889c8af26a2f80764,,,,,,,,,,
https://github.com/wildfly/wildfly,b19048b72669fc0e96665b1b125dc1fda21f5993,undertow,org.wildfly.extension.undertow.UndertowSubsystem30TestCase.testRuntime,TRUE,fddcb310dd99526b562bc13b2a002b97d047e9ae,org.wildfly.extension.undertow.UndertowSubsystem30TestCase.testRuntime,undertow,fddcb310dd99526b562bc13b2a002b97d047e9ae,,,,,,,,,,
https://github.com/wildfly/wildfly,b19048b72669fc0e96665b1b125dc1fda21f5993,undertow,org.wildfly.extension.undertow.UndertowSubsystem31TestCase.testRuntime,TRUE,7d89f7429c5230f7f87c1de122124ce6fee67b51,org.wildfly.extension.undertow.UndertowSubsystem31TestCase.testRuntime,undertow,7d89f7429c5230f7f87c1de122124ce6fee67b51,,,,,,,,,,
https://github.com/wildfly/wildfly,b19048b72669fc0e96665b1b125dc1fda21f5993,undertow,org.wildfly.extension.undertow.UndertowSubsystem40TestCase.testRuntime,TRUE,7dbc8bd0c8bcdae5db61ecdff1484a422cf4b92c,org.wildfly.extension.undertow.UndertowSubsystem40TestCase.testRuntime,undertow,7dbc8bd0c8bcdae5db61ecdff1484a422cf4b92c,,,,,,,,,,
https://github.com/wildfly/wildfly,b19048b72669fc0e96665b1b125dc1fda21f5993,undertow,org.wildfly.extension.undertow.UndertowSubsystem50TestCase.testRuntime,TRUE,58da675db36aa7ea1c98c17659d954f783d67f6a,org.wildfly.extension.undertow.UndertowSubsystem50TestCase.testRuntime,undertow,58da675db36aa7ea1c98c17659d954f783d67f6a,,,,,,,,,,
https://github.com/wildfly/wildfly,b19048b72669fc0e96665b1b125dc1fda21f5993,undertow,org.wildfly.extension.undertow.UndertowSubsystem60TestCase.testRuntime,TRUE,beb074c63da59735bc1770decc9598f80f3cadca,org.wildfly.extension.undertow.UndertowSubsystem60TestCase.testRuntime,undertow,beb074c63da59735bc1770decc9598f80f3cadca,,,,,,,,,,
https://github.com/wro4j/wro4j,185ab607f1d649ca38b4a772831ee754cd4649fb,wro4j-extensions,ro.isdc.wro.extensions.http.handler.TestModelAsJsonRequestHandler.shouldGenerateModelAsJson,TRUE,4d87ba29d4216894cde3b3032fc003cc9dadff5c,ro.isdc.wro.extensions.http.handler.TestModelAsJsonRequestHandler.shouldGenerateModelAsJson,wro4j-extensions,4d87ba29d4216894cde3b3032fc003cc9dadff5c,,,,,,,,,,
https://github.com/wro4j/wro4j,185ab607f1d649ca38b4a772831ee754cd4649fb,wro4j-extensions,ro.isdc.wro.extensions.http.handler.TestModelAsJsonRequestHandler.shouldNotProvideProxyUriForExternalResources,TRUE,4d87ba29d4216894cde3b3032fc003cc9dadff5c,ro.isdc.wro.extensions.http.handler.TestModelAsJsonRequestHandler.shouldNotProvideProxyUriForExternalResources,wro4j-extensions,4d87ba29d4216894cde3b3032fc003cc9dadff5c,,,,,,,,,,
https://github.com/wso2/carbon-apimgt,a82213e40e7e6aa529341fdd1d1c3de776949e64,components/apimgt/org.wso2.carbon.apimgt.core,org.wso2.carbon.apimgt.core.template.ThrottleTemplateBuilderTestCase.testSiddhiQueryForAPILevelDefaultConditions,TRUE,b5b88e359c4549dc3c120853b4921dc59c12af3f,org.wso2.carbon.apimgt.core.template.ThrottleTemplateBuilderTestCase.testSiddhiQueryForAPILevelDefaultConditions,components/apimgt/org.wso2.carbon.apimgt.core,b5b88e359c4549dc3c120853b4921dc59c12af3f,,,,,,,,,,
https://github.com/spinn3r/noxy,d53a49421f385c70b5abe7e8cda84ff3a7b59c71,noxy-discovery-zookeeper,com.spinn3r.noxy.discovery.zookeeper.ZKTest.testBulkClusterJoining,FALSE,7029534c0dd5d44db6488eef52f3422a06117852,com.spinn3r.noxy.discovery.zookeeper.ZKTest.testBulkClusterJoining,noxy-discovery-zookeeper,b26d6696214818338a0cb4ffaf8617a15354486a,TRUE,TRUE,TRUE,FALSE,0,0,0,0,0,0.03328703704
https://github.com/doanduyhai/Achilles,e3099bdce342910951c4862c78751fd81ed4552e,integration-test-3_7,info.archinnov.achilles.it.TestEntityWithSASIIndices.should_search_using_contains,TRUE,ac85374d778ff1e9812de037ef24ba06ab0b05b8,info.archinnov.achilles.it.TestEntityWithSASIIndices.should_search_using_contains,integration-test-3_7,ac85374d778ff1e9812de037ef24ba06ab0b05b8,,,,,,,,,,
https://github.com/TooTallNate/Java-WebSocket,fa3909c391195178ccf5a92d4ac342a30ae247c8,.,org.java_websocket.issues.Issue256Test.runReconnectBlockingScenario0,TRUE,822d40f50f07ee408ab517e2bef7247cf70f1f43,org.java_websocket.issues.Issue256Test.runReconnectBlockingScenario0,.,822d40f50f07ee408ab517e2bef7247cf70f1f43,,,,,,,,,,
https://github.com/TooTallNate/Java-WebSocket,fa3909c391195178ccf5a92d4ac342a30ae247c8,.,org.java_websocket.issues.Issue256Test.runReconnectBlockingScenario9,TRUE,822d40f50f07ee408ab517e2bef7247cf70f1f43,org.java_websocket.issues.Issue256Test.runReconnectBlockingScenario9,.,822d40f50f07ee408ab517e2bef7247cf70f1f43,,,,,,,,,,
https://github.com/TooTallNate/Java-WebSocket,fa3909c391195178ccf5a92d4ac342a30ae247c8,.,org.java_websocket.issues.Issue256Test.runReconnectScenario6,TRUE,822d40f50f07ee408ab517e2bef7247cf70f1f43,org.java_websocket.issues.Issue256Test.runReconnectScenario6,.,822d40f50f07ee408ab517e2bef7247cf70f1f43,,,,,,,,,,
https://github.com/undertow-io/undertow,d0efffad5d2034bb07525cac9b299dac72c3045d,websockets-jsr,io.undertow.websockets.jsr.test.JsrWebSocketServer08Test.testErrorHandling,TRUE,c3b8a88db6999c231b4def84437d8c32cf1e2efe,io.undertow.websockets.jsr.test.JsrWebSocketServer08Test.testErrorHandling,websockets-jsr,c3b8a88db6999c231b4def84437d8c32cf1e2efe,,,,,,,,,,
https://github.com/undertow-io/undertow,d0efffad5d2034bb07525cac9b299dac72c3045d,websockets-jsr,io.undertow.websockets.jsr.test.JsrWebSocketServer13Test.testErrorHandling,TRUE,c3b8a88db6999c231b4def84437d8c32cf1e2efe,io.undertow.websockets.jsr.test.JsrWebSocketServer13Test.testErrorHandling,websockets-jsr,c3b8a88db6999c231b4def84437d8c32cf1e2efe,,,,,,,,,,
https://github.com/Activiti/Activiti,b11f757a48600e53aaf3fcb7a3ba1ece6c463cb4,activiti-spring-boot-starter,org.activiti.spring.boot.tasks.TaskRuntimeClaimReleaseTest.aCreateStandaloneTaskForGroup,TRUE,7f54df3dcf9f8d2acbafb91d68f1c506b6bdb0f7,org.activiti.spring.boot.tasks.TaskRuntimeClaimReleaseTest.aCreateStandaloneTaskForGroup,activiti-spring-boot-starter,7f54df3dcf9f8d2acbafb91d68f1c506b6bdb0f7,,,,,,,,,,
https://github.com/Activiti/Activiti,b11f757a48600e53aaf3fcb7a3ba1ece6c463cb4,activiti-spring-boot-starter,org.activiti.spring.boot.tasks.TaskRuntimeCompleteTaskTest.aCreateStandaloneTaskAndComplete,TRUE,7f54df3dcf9f8d2acbafb91d68f1c506b6bdb0f7,org.activiti.spring.boot.tasks.TaskRuntimeCompleteTaskTest.aCreateStandaloneTaskAndComplete,activiti-spring-boot-starter,7f54df3dcf9f8d2acbafb91d68f1c506b6bdb0f7,,,,,,,,,,
https://github.com/Activiti/Activiti,b11f757a48600e53aaf3fcb7a3ba1ece6c463cb4,activiti-spring-boot-starter,org.activiti.spring.boot.tasks.TaskRuntimeCompleteTaskTest.bCreateStandaloneTask,TRUE,7f54df3dcf9f8d2acbafb91d68f1c506b6bdb0f7,org.activiti.spring.boot.tasks.TaskRuntimeCompleteTaskTest.bCreateStandaloneTask,activiti-spring-boot-starter,7f54df3dcf9f8d2acbafb91d68f1c506b6bdb0f7,,,,,,,,,,
https://github.com/Activiti/Activiti,b11f757a48600e53aaf3fcb7a3ba1ece6c463cb4,activiti-spring-boot-starter,org.activiti.spring.boot.tasks.TaskRuntimeDeleteTaskTest.aCreateStandaloneTaskAndDelete,TRUE,7f54df3dcf9f8d2acbafb91d68f1c506b6bdb0f7,org.activiti.spring.boot.tasks.TaskRuntimeDeleteTaskTest.aCreateStandaloneTaskAndDelete,activiti-spring-boot-starter,7f54df3dcf9f8d2acbafb91d68f1c506b6bdb0f7,,,,,,,,,,
https://github.com/Activiti/Activiti,b11f757a48600e53aaf3fcb7a3ba1ece6c463cb4,activiti-spring-boot-starter,org.activiti.spring.boot.tasks.TaskRuntimeDeleteTaskTest.cCreateStandaloneGroupTaskClaimAndDeleteFail,TRUE,7f54df3dcf9f8d2acbafb91d68f1c506b6bdb0f7,org.activiti.spring.boot.tasks.TaskRuntimeDeleteTaskTest.cCreateStandaloneGroupTaskClaimAndDeleteFail,activiti-spring-boot-starter,7f54df3dcf9f8d2acbafb91d68f1c506b6bdb0f7,,,,,,,,,,
https://github.com/Activiti/Activiti,b11f757a48600e53aaf3fcb7a3ba1ece6c463cb4,activiti-spring-boot-starter,org.activiti.spring.boot.tasks.TaskRuntimeStandaloneTaskTest.aCreateStandaloneTaskForSalaboy,TRUE,7f54df3dcf9f8d2acbafb91d68f1c506b6bdb0f7,org.activiti.spring.boot.tasks.TaskRuntimeStandaloneTaskTest.aCreateStandaloneTaskForSalaboy,activiti-spring-boot-starter,7f54df3dcf9f8d2acbafb91d68f1c506b6bdb0f7,,,,,,,,,,
https://github.com/Activiti/Activiti,b11f757a48600e53aaf3fcb7a3ba1ece6c463cb4,activiti-spring-boot-starter,org.activiti.spring.boot.tasks.TaskRuntimeStandaloneTaskTest.bCreateStandaloneTaskForGroup,TRUE,7f54df3dcf9f8d2acbafb91d68f1c506b6bdb0f7,org.activiti.spring.boot.tasks.TaskRuntimeStandaloneTaskTest.bCreateStandaloneTaskForGroup,activiti-spring-boot-starter,7f54df3dcf9f8d2acbafb91d68f1c506b6bdb0f7,,,,,,,,,,
https://github.com/Activiti/Activiti,b11f757a48600e53aaf3fcb7a3ba1ece6c463cb4,activiti-spring-boot-starter,org.activiti.spring.boot.tasks.TaskRuntimeTaskAssigneeTest.aCreateStandaloneTaskForAnotherAssignee,TRUE,7f54df3dcf9f8d2acbafb91d68f1c506b6bdb0f7,org.activiti.spring.boot.tasks.TaskRuntimeTaskAssigneeTest.aCreateStandaloneTaskForAnotherAssignee,activiti-spring-boot-starter,7f54df3dcf9f8d2acbafb91d68f1c506b6bdb0f7,,,,,,,,,,
https://github.com/Activiti/Activiti,b11f757a48600e53aaf3fcb7a3ba1ece6c463cb4,activiti-spring-boot-starter,org.activiti.spring.boot.tasks.TaskRuntimeTaskAssigneeTest.cCreateStandaloneTaskForGroupAndClaim,TRUE,7f54df3dcf9f8d2acbafb91d68f1c506b6bdb0f7,org.activiti.spring.boot.tasks.TaskRuntimeTaskAssigneeTest.cCreateStandaloneTaskForGroupAndClaim,activiti-spring-boot-starter,7f54df3dcf9f8d2acbafb91d68f1c506b6bdb0f7,,,,,,,,,,
https://github.com/Activiti/Activiti,b11f757a48600e53aaf3fcb7a3ba1ece6c463cb4,activiti-spring-boot-starter,org.activiti.spring.boot.tasks.TaskRuntimeTaskForOtherTest.aCreateStandaloneTaskWithNoCandidates,TRUE,7f54df3dcf9f8d2acbafb91d68f1c506b6bdb0f7,org.activiti.spring.boot.tasks.TaskRuntimeTaskForOtherTest.aCreateStandaloneTaskWithNoCandidates,activiti-spring-boot-starter,7f54df3dcf9f8d2acbafb91d68f1c506b6bdb0f7,,,,,,,,,,
https://github.com/Activiti/Activiti,b11f757a48600e53aaf3fcb7a3ba1ece6c463cb4,activiti-spring-boot-starter,org.activiti.spring.boot.tasks.TaskRuntimeTaskForOtherTest.bCheckThatTaskIsNotVisibleForNonCandidateUsers,TRUE,7f54df3dcf9f8d2acbafb91d68f1c506b6bdb0f7,org.activiti.spring.boot.tasks.TaskRuntimeTaskForOtherTest.bCheckThatTaskIsNotVisibleForNonCandidateUsers,activiti-spring-boot-starter,7f54df3dcf9f8d2acbafb91d68f1c506b6bdb0f7,,,,,,,,,,
https://github.com/Activiti/Activiti,b11f757a48600e53aaf3fcb7a3ba1ece6c463cb4,activiti-spring-boot-starter,org.activiti.spring.boot.tasks.TaskRuntimeUnAuthorizedTest.aCreateStandaloneTaskForGroup,TRUE,7f54df3dcf9f8d2acbafb91d68f1c506b6bdb0f7,org.activiti.spring.boot.tasks.TaskRuntimeUnAuthorizedTest.aCreateStandaloneTaskForGroup,activiti-spring-boot-starter,7f54df3dcf9f8d2acbafb91d68f1c506b6bdb0f7,,,,,,,,,,
https://github.com/apache/incubator-dubbo,737f7a7ea67832d7f17517326fb2491d0a086dd7,dubbo-filter/dubbo-filter-cache,org.apache.dubbo.cache.support.jcache.JCacheFactoryTest.testJCacheGetExpired,TRUE,9f7306f98e725ff6b1a5956813a68842bc9e9089,com.alibaba.dubbo.cache.support.jcache.JCacheFactoryTest.testJCacheGetExpired,dubbo-filter/dubbo-filter-cache,9f7306f98e725ff6b1a5956813a68842bc9e9089,,,,,,,,,,
https://github.com/apache/incubator-dubbo,737f7a7ea67832d7f17517326fb2491d0a086dd7,dubbo-serialization/dubbo-serialization-fst,org.apache.dubbo.common.serialize.fst.FstObjectInputTest.testEmptyByteArrayForEmptyInput,TRUE,6784375811518a200685e635ee51edc548629971,com.alibaba.dubbo.common.serialize.fst.FstObjectInputTest.testEmptyByteArrayForEmptyInput,dubbo-serialization/dubbo-serialization-fst,6784375811518a200685e635ee51edc548629971,,,,,,,,,,
https://github.com/apache/incubator-dubbo,737f7a7ea67832d7f17517326fb2491d0a086dd7,dubbo-common,org.apache.dubbo.common.threadlocal.InternalThreadLocalTest.testSize,TRUE,3c6201cf1821d8e5f46573f6a2e204d7abfd9f18,com.alibaba.dubbo.common.threadlocal.InternalThreadLocalTest.testSize,dubbo-common,3c6201cf1821d8e5f46573f6a2e204d7abfd9f18,,,,,,,,,,
https://github.com/apache/incubator-dubbo,737f7a7ea67832d7f17517326fb2491d0a086dd7,dubbo-config/dubbo-config-api,org.apache.dubbo.config.AbstractInterfaceConfigTest.testCheckRegistry2,TRUE,46c6ccb32d6ba9ac79f5b7478d84537a468a0de4,com.alibaba.dubbo.config.AbstractInterfaceConfigTest.testCheckRegistry2,dubbo-config/dubbo-config-api,46c6ccb32d6ba9ac79f5b7478d84537a468a0de4,,,,,,,,,,
https://github.com/apache/incubator-dubbo,737f7a7ea67832d7f17517326fb2491d0a086dd7,dubbo-config/dubbo-config-spring,org.apache.dubbo.config.spring.extension.SpringExtensionFactoryTest.testGetExtensionByType,TRUE,5f5fecd68e209c79a7f9ac382b95296713c77bea,com.alibaba.dubbo.config.spring.extension.SpringExtensionFactoryTest.testGetExtensionByType,dubbo-config/dubbo-config-spring,5f5fecd68e209c79a7f9ac382b95296713c77bea,,,,,,,,,,
https://github.com/apache/incubator-dubbo,737f7a7ea67832d7f17517326fb2491d0a086dd7,dubbo-cluster,org.apache.dubbo.rpc.cluster.support.AbstractClusterInvokerTest.testBindingAttachment,FALSE,971d80d55da692690135dead98f9ce2001023e60,org.apache.dubbo.rpc.cluster.support.AbstractClusterInvokerTest.testBindingAttachment,dubbo-cluster,fcd1af81fd2fd6ad55c78f281d7b29feb10a006a,FALSE,TRUE,TRUE,FALSE,1,20,29,7,38,22.12769676
https://github.com/apache/incubator-dubbo,737f7a7ea67832d7f17517326fb2491d0a086dd7,dubbo-cluster,org.apache.dubbo.rpc.cluster.support.ForkingClusterInvokerTest.testClearRpcContext,FALSE,971d80d55da692690135dead98f9ce2001023e60,org.apache.dubbo.rpc.cluster.support.ForkingClusterInvokerTest.testClearRpcContext,dubbo-cluster,fcd1af81fd2fd6ad55c78f281d7b29feb10a006a,FALSE,TRUE,TRUE,FALSE,0,20,29,7,38,22.12769676
https://github.com/apache/incubator-dubbo,737f7a7ea67832d7f17517326fb2491d0a086dd7,dubbo-rpc/dubbo-rpc-api,org.apache.dubbo.rpc.proxy.javassist.JavassistProxyFactoryTest.testGetInvoker,FALSE,6b5b4308c84acb979ff1cd0e46c327a84db1339c,org.apache.dubbo.rpc.proxy.javassist.JavassistProxyFactoryTest.testGetInvoker,dubbo-rpc/dubbo-rpc-api,b055991b317f4e58d256721875a00c52fe415510,FALSE,TRUE,TRUE,FALSE,0,7,4,3,16,8.9940625
https://github.com/apache/incubator-dubbo,737f7a7ea67832d7f17517326fb2491d0a086dd7,dubbo-rpc/dubbo-rpc-api,org.apache.dubbo.rpc.proxy.jdk.JdkProxyFactoryTest.testGetInvoker,FALSE,6b5b4308c84acb979ff1cd0e46c327a84db1339c,org.apache.dubbo.rpc.proxy.jdk.JdkProxyFactoryTest.testGetInvoker,dubbo-rpc/dubbo-rpc-api,b055991b317f4e58d256721875a00c52fe415510,FALSE,TRUE,TRUE,FALSE,0,7,4,3,16,8.9940625
https://github.com/ctco/cukes,b483e1a8f261b80a66291a42fc455256b0b5059c,cukes-http,lv.ctco.cukes.http.facade.HttpAssertionFacadeImplTest.shouldReturnBodyWhenEnabledAndNoMax,TRUE,216a5da6690ce83a1db3694846b4b922b76611cf,lv.ctco.cukes.http.facade.HttpAssertionFacadeImplTest.shouldReturnBodyWhenEnabledAndNoMax,cukes-http,216a5da6690ce83a1db3694846b4b922b76611cf,,,,,,,,,,
https://github.com/dropwizard/dropwizard,07dfaed697427e208d65049f80a5d1949833b7cd,dropwizard-logging,io.dropwizard.logging.DefaultLoggingFactoryPrintErrorMessagesTest.testLogbackStatusPrinterPrintStreamIsRestoredToSystemOut,FALSE,847275afd08b217bd98c633c6c7c2d1ab84b8cc0,io.dropwizard.logging.DefaultLoggingFactoryPrintErrorMessagesTest.testLogbackStatusPrinterPrintStreamIsRestoredToSystemOut,dropwizard-logging,416bdaaf58674e77106ca5ee2f0388f3eef9cb9b,FALSE,TRUE,FALSE,FALSE,8,664,754,539,1615,1142.853877
https://github.com/elasticjob/elastic-job-lite,b022898ef1b8c984e17efb2a422ee45f6b13e46e,elastic-job-lite-core,io.elasticjob.lite.internal.election.ElectionListenerManagerTest.assertLeaderElectionWhenRemoveLeaderInstancePathWithAvailableServerButJobInstanceIsShutdown,TRUE,c808c8e797af44f8fc0f64f331a40f940437fd3a,com.dangdang.ddframe.job.lite.internal.election.ElectionListenerManagerTest.assertLeaderElectionWhenRemoveLeaderInstancePathWithAvailableServerButJobInstanceIsShutdown,elastic-job-lite/elastic-job-lite-core,c808c8e797af44f8fc0f64f331a40f940437fd3a,,,,,,,,,,
https://github.com/elasticjob/elastic-job-lite,b022898ef1b8c984e17efb2a422ee45f6b13e46e,elastic-job-lite-core,io.elasticjob.lite.internal.failover.FailoverServiceTest.assertGetLocalFailoverItemsIfShutdown,TRUE,c808c8e797af44f8fc0f64f331a40f940437fd3a,com.dangdang.ddframe.job.lite.internal.failover.FailoverServiceTest.assertGetLocalFailoverItemsIfShutdown,elastic-job-lite/elastic-job-lite-core,c808c8e797af44f8fc0f64f331a40f940437fd3a,,,,,,,,,,
https://github.com/elasticjob/elastic-job-lite,b022898ef1b8c984e17efb2a422ee45f6b13e46e,elastic-job-lite-core,io.elasticjob.lite.internal.instance.ShutdownListenerManagerTest.assertIsShutdownAlready,TRUE,a000cd2ab2a1ddc41b57b7f8425aeb488abbba30,com.dangdang.ddframe.job.lite.internal.instance.ShutdownListenerManagerTest.assertIsShutdownAlready,elastic-job-lite/elastic-job-lite-core,a000cd2ab2a1ddc41b57b7f8425aeb488abbba30,,,,,,,,,,
https://github.com/elasticjob/elastic-job-lite,b022898ef1b8c984e17efb2a422ee45f6b13e46e,elastic-job-lite-core,io.elasticjob.lite.internal.schedule.JobRegistryTest.assertGetCurrentShardingTotalCountIfNull,TRUE,7e2505bcb04bdc1a9f4fcf824750bdab740e203a,com.dangdang.ddframe.job.lite.internal.schedule.JobRegistryTest.assertGetCurrentShardingTotalCountIfNull,elastic-job-lite/elastic-job-lite-core,7e2505bcb04bdc1a9f4fcf824750bdab740e203a,,,,,,,,,,
https://github.com/elasticjob/elastic-job-lite,b022898ef1b8c984e17efb2a422ee45f6b13e46e,elastic-job-lite-core,io.elasticjob.lite.reg.zookeeper.ZookeeperRegistryCenterModifyTest.assertPersistEphemeralSequential,FALSE,3e5f30f358c5ccaf3d76d546b9b605c835c0d041,com.dangdang.ddframe.reg.zookeeper.ZookeeperRegistryCenterModifyTest.assertPersistEphemeralSequential,elastic-job-core,58bdd1d5d7e6892b11ec65550c8e5acb274693b6,TRUE,TRUE,TRUE,FALSE,3,52,61,29,116,147.5542939
https://github.com/jhipster/jhipster-registry,00db36611da5fc7aaf9d5372aa90f2465d80c0c4,.,io.github.jhipster.registry.web.rest.AccountResourceTest.testGetUnknownAccount,TRUE,3356b26a85e92ab21163552459a2663c6a16f997,io.github.jhipster.registry.web.rest.AccountResourceTest.testGetUnknownAccount,.,3356b26a85e92ab21163552459a2663c6a16f997,,,,,,,,,,
https://github.com/kevinsawicki/http-request,2d62a3e9da726942a93cf16b6e91c0187e6c0136,lib,com.github.kevinsawicki.http.HttpRequestTest.basicProxyAuthentication,FALSE,bf07c2fb1c84637b32baabf292604f5dabb43433,com.github.kevinsawicki.http.HttpRequestTest.basicProxyAuthentication,lib,cb9e021f13b840d91484b1abbd2b55687c3f055c,TRUE,TRUE,TRUE,FALSE,3,8,16,10,38,27.92752315
https://github.com/ktuukkan/marine-api,af0003847db9ba822f67d4f1dceb8de3fe63250a,.,net.sf.marineapi.ais.event.AbstractAISMessageListenerTest.testBasicListenerWithUnexpectedMessage,TRUE,3d8dff0ffb21973c59a896c3a1bd4498b5dcc9d2,net.sf.marineapi.ais.event.AbstractAISMessageListenerTest.testBasicListenerWithUnexpectedMessage,.,3d8dff0ffb21973c59a896c3a1bd4498b5dcc9d2,,,,,,,,,,
https://github.com/ktuukkan/marine-api,af0003847db9ba822f67d4f1dceb8de3fe63250a,.,net.sf.marineapi.ais.event.AbstractAISMessageListenerTest.testConstructor,TRUE,3d8dff0ffb21973c59a896c3a1bd4498b5dcc9d2,net.sf.marineapi.ais.event.AbstractAISMessageListenerTest.testConstructor,.,3d8dff0ffb21973c59a896c3a1bd4498b5dcc9d2,,,,,,,,,,
https://github.com/ktuukkan/marine-api,af0003847db9ba822f67d4f1dceb8de3fe63250a,.,net.sf.marineapi.ais.event.AbstractAISMessageListenerTest.testGenericsListenerDefaultConstructorThrows,TRUE,3d8dff0ffb21973c59a896c3a1bd4498b5dcc9d2,net.sf.marineapi.ais.event.AbstractAISMessageListenerTest.testGenericsListenerDefaultConstructorThrows,.,3d8dff0ffb21973c59a896c3a1bd4498b5dcc9d2,,,,,,,,,,
https://github.com/ktuukkan/marine-api,af0003847db9ba822f67d4f1dceb8de3fe63250a,.,net.sf.marineapi.ais.event.AbstractAISMessageListenerTest.testGenericsListener,TRUE,3d8dff0ffb21973c59a896c3a1bd4498b5dcc9d2,net.sf.marineapi.ais.event.AbstractAISMessageListenerTest.testGenericsListener,.,3d8dff0ffb21973c59a896c3a1bd4498b5dcc9d2,,,,,,,,,,
https://github.com/ktuukkan/marine-api,af0003847db9ba822f67d4f1dceb8de3fe63250a,.,net.sf.marineapi.ais.event.AbstractAISMessageListenerTest.testOnMessageWithExpectedMessage,TRUE,3d8dff0ffb21973c59a896c3a1bd4498b5dcc9d2,net.sf.marineapi.ais.event.AbstractAISMessageListenerTest.testOnMessageWithExpectedMessage,.,3d8dff0ffb21973c59a896c3a1bd4498b5dcc9d2,,,,,,,,,,
https://github.com/ktuukkan/marine-api,af0003847db9ba822f67d4f1dceb8de3fe63250a,.,net.sf.marineapi.ais.event.AbstractAISMessageListenerTest.testParametrizedConstructor,TRUE,3d8dff0ffb21973c59a896c3a1bd4498b5dcc9d2,net.sf.marineapi.ais.event.AbstractAISMessageListenerTest.testParametrizedConstructor,.,3d8dff0ffb21973c59a896c3a1bd4498b5dcc9d2,,,,,,,,,,
https://github.com/ktuukkan/marine-api,af0003847db9ba822f67d4f1dceb8de3fe63250a,.,net.sf.marineapi.ais.event.AbstractAISMessageListenerTest.testSequenceListener,TRUE,3d8dff0ffb21973c59a896c3a1bd4498b5dcc9d2,net.sf.marineapi.ais.event.AbstractAISMessageListenerTest.testSequenceListener,.,3d8dff0ffb21973c59a896c3a1bd4498b5dcc9d2,,,,,,,,,,
https://github.com/ktuukkan/marine-api,af0003847db9ba822f67d4f1dceb8de3fe63250a,.,net.sf.marineapi.ais.event.AbstractAISMessageListenerTest.testSequenceListenerWithIncorrectOrder,TRUE,3d8dff0ffb21973c59a896c3a1bd4498b5dcc9d2,net.sf.marineapi.ais.event.AbstractAISMessageListenerTest.testSequenceListenerWithIncorrectOrder,.,3d8dff0ffb21973c59a896c3a1bd4498b5dcc9d2,,,,,,,,,,
https://github.com/ktuukkan/marine-api,af0003847db9ba822f67d4f1dceb8de3fe63250a,.,net.sf.marineapi.ais.event.AbstractAISMessageListenerTest.testSequenceListenerWithMixedOrder,TRUE,3d8dff0ffb21973c59a896c3a1bd4498b5dcc9d2,net.sf.marineapi.ais.event.AbstractAISMessageListenerTest.testSequenceListenerWithMixedOrder,.,3d8dff0ffb21973c59a896c3a1bd4498b5dcc9d2,,,,,,,,,,
https://github.com/ktuukkan/marine-api,af0003847db9ba822f67d4f1dceb8de3fe63250a,.,net.sf.marineapi.ais.parser.AISMessageFactoryTest.testCreate,TRUE,b4afeed8b8b783384a200914959f8335a1c52432,net.sf.marineapi.ais.parser.AISMessageFactoryTest.testCreate,.,b4afeed8b8b783384a200914959f8335a1c52432,,,,,,,,,,
https://github.com/apache/hadoop,cc2babc1f75c93bf89a8f10da525f944c15d02ea,hadoop-mapreduce-project/hadoop-mapreduce-client/hadoop-mapreduce-client-jobclient,org.apache.hadoop.hdfs.TestNNBench.testNNBenchCreateReadAndDelete,TRUE,690d8a368d3e967495eafea27659b6124989c89e,org.apache.hadoop.hdfs.TestNNBench.testNNBenchCreateReadAndDelete,hadoop-mapreduce-project/hadoop-mapreduce-client/hadoop-mapreduce-client-jobclient,690d8a368d3e967495eafea27659b6124989c89e,,,,,,,,,,
https://github.com/ktuukkan/marine-api,af0003847db9ba822f67d4f1dceb8de3fe63250a,.,net.sf.marineapi.ais.parser.AISMessageFactoryTest.testCreateWithIncorrectOrder,TRUE,b4afeed8b8b783384a200914959f8335a1c52432,net.sf.marineapi.ais.parser.AISMessageFactoryTest.testCreateWithIncorrectOrder,.,b4afeed8b8b783384a200914959f8335a1c52432,,,,,,,,,,
https://github.com/ktuukkan/marine-api,af0003847db9ba822f67d4f1dceb8de3fe63250a,.,net.sf.marineapi.ais.parser.AISMessageFactoryTest.testCreateWithTwo,TRUE,b4afeed8b8b783384a200914959f8335a1c52432,net.sf.marineapi.ais.parser.AISMessageFactoryTest.testCreateWithTwo,.,b4afeed8b8b783384a200914959f8335a1c52432,,,,,,,,,,
https://github.com/openpojo/openpojo,9badbcc4593e797accfed5e51bec9f2b843f0f67,.,com.openpojo.issues.issue112.IssueTest.shouldNotFail,TRUE,4d69e2cf1464f8361d02c6b0809c882802a9d209,com.openpojo.issues.issue112.IssueTest.shouldNotFail,.,4d69e2cf1464f8361d02c6b0809c882802a9d209,,,,,,,,,,
https://github.com/openpojo/openpojo,9badbcc4593e797accfed5e51bec9f2b843f0f67,.,com.openpojo.validation.test.impl.SerializableTesterTest.shouldSkipOverNonSerializableClass,FALSE,47f48add2be055f7be042a65b4dbb8265f936138,com.openpojo.validation.test.impl.SerializableTesterTest.shouldSkipOverNonSerializableClass,.,2ab65a575f4446dc6583b6ecb27494f15f85bb4f,FALSE,FALSE,TRUE,FALSE,0,10,11,5,21,19.71346065
https://github.com/openpojo/openpojo,9badbcc4593e797accfed5e51bec9f2b843f0f67,.,com.openpojo.validation.test.impl.GetterTesterTest.shouldSuccessfullyValidateEvenIfLoggingFails,TRUE,9badbcc4593e797accfed5e51bec9f2b843f0f67,com.openpojo.validation.test.impl.GetterTesterTest.shouldSuccessfullyValidateEvenIfLoggingFails,.,9badbcc4593e797accfed5e51bec9f2b843f0f67,,,,,,,,,,
https://github.com/openpojo/openpojo,9badbcc4593e797accfed5e51bec9f2b843f0f67,.,com.openpojo.validation.test.impl.SetterTesterTest.shouldSuccessfullyValidateEvenIfLoggingFails,TRUE,a22bb1c5d7fe3cf7c6dbfe9cb797565c047b2d3f,com.openpojo.validation.test.impl.SetterTesterTest.shouldSuccessfullyValidateEvenIfLoggingFails,.,a22bb1c5d7fe3cf7c6dbfe9cb797565c047b2d3f,,,,,,,,,,
https://github.com/openpojo/openpojo,9badbcc4593e797accfed5e51bec9f2b843f0f67,.,com.openpojo.validation.utils.ValidationHelperTest.shouldReportMissingASMProperly,TRUE,92186a6f2974057582f53815d869219a58f5e792,com.openpojo.validation.utils.ValidationHelperTest.shouldReportMissingASMProperly,.,92186a6f2974057582f53815d869219a58f5e792,,,,,,,,,,
https://github.com/tbsalling/aismessages,7b0c4c708b6bb9a6da3d5737bcad1857ade8a931,.,dk.tbsalling.aismessages.nmea.NMEAMessageHandlerTest.canHandleFragmentedMessageReceived,TRUE,12864f81c0668c31f68f4419d6ec65e541cefa8c,dk.tbsalling.aismessages.nmea.NMEAMessageHandlerTest.canHandleFragmentedMessageReceived,.,12864f81c0668c31f68f4419d6ec65e541cefa8c,,,,,,,,,,
https://github.com/tbsalling/aismessages,7b0c4c708b6bb9a6da3d5737bcad1857ade8a931,.,dk.tbsalling.aismessages.nmea.NMEAMessageHandlerTest.canHandleUnfragmentedMessageReceived,TRUE,12864f81c0668c31f68f4419d6ec65e541cefa8c,dk.tbsalling.aismessages.nmea.NMEAMessageHandlerTest.canHandleUnfragmentedMessageReceived,.,12864f81c0668c31f68f4419d6ec65e541cefa8c,,,,,,,,,,
https://github.com/tools4j/unix4j,367da7d262e682a08577cdf19ebbbdd8a46870fe,unix4j-core/unix4j-command,org.unix4j.unix.FindFileTimeDependentTest.find_fileCreatedBeforeNow,FALSE,1c9524df3b7693ff212c0e401def64d62efa435d,org.unix4j.unix.FindFileTimeDependentTest.find_fileCreatedBeforeNow,unix4j-core/unix4j-command,dfc4c77a36c33b2baba17d43eaba1400801c0558,TRUE,TRUE,TRUE,FALSE,0,0,0,0,0,0.2588773148
https://github.com/wikidata/wikidata-toolkit,20de6f7f12319f54eb962ff6e8357b3f5695d54d,wdtk-util,org.wikidata.wdtk.util.DirectoryManagerFactoryTest.createDefaultDirectoryManagerPath,TRUE,539f5223d537f553dd19f5ceff65ed4a57135d33,org.wikidata.wdtk.util.DirectoryManagerFactoryTest.createDefaultDirectoryManagerPath,wdtk-util,539f5223d537f553dd19f5ceff65ed4a57135d33,,,,,,,,,,
https://github.com/wikidata/wikidata-toolkit,20de6f7f12319f54eb962ff6e8357b3f5695d54d,wdtk-util,org.wikidata.wdtk.util.DirectoryManagerFactoryTest.createDirectoryManagerIoException,TRUE,539f5223d537f553dd19f5ceff65ed4a57135d33,org.wikidata.wdtk.util.DirectoryManagerFactoryTest.createDirectoryManagerIoException,wdtk-util,539f5223d537f553dd19f5ceff65ed4a57135d33,,,,,,,,,,
https://github.com/wildfly/wildfly,b19048b72669fc0e96665b1b125dc1fda21f5993,naming,org.jboss.as.naming.InitialContextFactoryTestCase.testInitialFactory,FALSE,a615c9a97b0148d0c266c066824576e706596e43,org.jboss.as.naming.InitialContextFactoryTestCase.testInitialFactory,naming,c22e23116ec8ba25a81625c107f1982cd776b21e,FALSE,FALSE,TRUE,TRUE,10,10061,18228,7413,23936,2717.113762
https://github.com/wildfly/wildfly,b19048b72669fc0e96665b1b125dc1fda21f5993,naming,org.jboss.as.naming.InitialContextFactoryTestCase.testJavaContext,FALSE,a615c9a97b0148d0c266c066824576e706596e43,org.jboss.as.naming.InitialContextFactoryTestCase.testJavaContext,naming,c22e23116ec8ba25a81625c107f1982cd776b21e,FALSE,FALSE,TRUE,TRUE,10,10061,18228,7413,23936,2717.113762
https://github.com/wildfly/wildfly,b19048b72669fc0e96665b1b125dc1fda21f5993,naming,org.jboss.as.naming.NamingContextTestCase.testListBindings,FALSE,a615c9a97b0148d0c266c066824576e706596e43,org.jboss.as.naming.NamingContextTestCase.testListBindings,naming,c22e23116ec8ba25a81625c107f1982cd776b21e,FALSE,FALSE,TRUE,TRUE,95,10061,18228,7413,23936,2717.113762
https://github.com/wildfly/wildfly,b19048b72669fc0e96665b1b125dc1fda21f5993,naming,org.jboss.as.naming.NamingContextTestCase.testBindReferenceable,FALSE,f8dabbe2f16f090a2bb37ba97f35dee5003bb296,org.jboss.as.naming.NamingContextTestCase.testBindReferenceable,naming,c22e23116ec8ba25a81625c107f1982cd776b21e,FALSE,FALSE,TRUE,TRUE,82,7342,11223,5732,15000,2047.922975
https://github.com/wildfly/wildfly,b19048b72669fc0e96665b1b125dc1fda21f5993,naming,org.jboss.as.naming.NamingContextTestCase.testCreateSubcontext,FALSE,a615c9a97b0148d0c266c066824576e706596e43,org.jboss.as.naming.NamingContextTestCase.testCreateSubcontext,naming,c22e23116ec8ba25a81625c107f1982cd776b21e,FALSE,FALSE,TRUE,TRUE,95,10061,18228,7413,23936,2717.113762
https://github.com/wildfly/wildfly,b19048b72669fc0e96665b1b125dc1fda21f5993,naming,org.jboss.as.naming.NamingContextTestCase.testListBindingsNameNotFound,FALSE,a615c9a97b0148d0c266c066824576e706596e43,org.jboss.as.naming.NamingContextTestCase.testListBindingsNameNotFound,naming,c22e23116ec8ba25a81625c107f1982cd776b21e,FALSE,FALSE,TRUE,TRUE,95,10061,18228,7413,23936,2717.113762
https://github.com/wildfly/wildfly,b19048b72669fc0e96665b1b125dc1fda21f5993,naming,org.jboss.as.naming.NamingContextTestCase.testListBindingsWithContinuation,FALSE,a615c9a97b0148d0c266c066824576e706596e43,org.jboss.as.naming.NamingContextTestCase.testListBindingsWithContinuation,naming,c22e23116ec8ba25a81625c107f1982cd776b21e,FALSE,FALSE,TRUE,TRUE,95,10061,18228,7413,23936,2717.113762
https://github.com/wildfly/wildfly,b19048b72669fc0e96665b1b125dc1fda21f5993,naming,org.jboss.as.naming.NamingContextTestCase.testListNameNotFound,FALSE,a615c9a97b0148d0c266c066824576e706596e43,org.jboss.as.naming.NamingContextTestCase.testListNameNotFound,naming,c22e23116ec8ba25a81625c107f1982cd776b21e,FALSE,FALSE,TRUE,TRUE,95,10061,18228,7413,23936,2717.113762
https://github.com/wildfly/wildfly,b19048b72669fc0e96665b1b125dc1fda21f5993,naming,org.jboss.as.naming.NamingContextTestCase.testList,FALSE,a615c9a97b0148d0c266c066824576e706596e43,org.jboss.as.naming.NamingContextTestCase.testList,naming,c22e23116ec8ba25a81625c107f1982cd776b21e,FALSE,FALSE,TRUE,TRUE,95,10061,18228,7413,23936,2717.113762
https://github.com/wildfly/wildfly,b19048b72669fc0e96665b1b125dc1fda21f5993,naming,org.jboss.as.naming.NamingContextTestCase.testListWithContinuation,FALSE,a615c9a97b0148d0c266c066824576e706596e43,org.jboss.as.naming.NamingContextTestCase.testListWithContinuation,naming,c22e23116ec8ba25a81625c107f1982cd776b21e,FALSE,FALSE,TRUE,TRUE,95,10061,18228,7413,23936,2717.113762
https://github.com/wildfly/wildfly,b19048b72669fc0e96665b1b125dc1fda21f5993,naming,org.jboss.as.naming.NamingContextTestCase.testLookupEmptyName,FALSE,a615c9a97b0148d0c266c066824576e706596e43,org.jboss.as.naming.NamingContextTestCase.testLookupEmptyName,naming,c22e23116ec8ba25a81625c107f1982cd776b21e,FALSE,FALSE,TRUE,TRUE,95,10061,18228,7413,23936,2717.113762
https://github.com/wildfly/wildfly,b19048b72669fc0e96665b1b125dc1fda21f5993,naming,org.jboss.as.naming.NamingContextTestCase.testLookupNameNotFound,FALSE,a615c9a97b0148d0c266c066824576e706596e43,org.jboss.as.naming.NamingContextTestCase.testLookupNameNotFound,naming,c22e23116ec8ba25a81625c107f1982cd776b21e,FALSE,FALSE,TRUE,TRUE,95,10061,18228,7413,23936,2717.113762
https://github.com/wildfly/wildfly,b19048b72669fc0e96665b1b125dc1fda21f5993,naming,org.jboss.as.naming.NamingContextTestCase.testRebindReferenceable,FALSE,f8dabbe2f16f090a2bb37ba97f35dee5003bb296,org.jboss.as.naming.NamingContextTestCase.testRebindReferenceable,naming,c22e23116ec8ba25a81625c107f1982cd776b21e,FALSE,FALSE,TRUE,TRUE,82,7342,11223,5732,15000,2047.922975
https://github.com/wildfly/wildfly,b19048b72669fc0e96665b1b125dc1fda21f5993,naming,org.jboss.as.naming.NamingEventCoordinatorTestCase.testFireAllEvent,TRUE,9c10ceeda73d1d510a7c160467ac3d8c02dc109f,org.jboss.as.naming.NamingEventCoordinatorTestCase.testFireAllEvent,naming,9c10ceeda73d1d510a7c160467ac3d8c02dc109f,,,,,,,,,,
https://github.com/wildfly/wildfly,b19048b72669fc0e96665b1b125dc1fda21f5993,naming,org.jboss.as.naming.NamingEventCoordinatorTestCase.testFireMultiLevelEvent,FALSE,9c10ceeda73d1d510a7c160467ac3d8c02dc109f,org.jboss.as.naming.NamingEventCoordinatorTestCase.testFireMultiLevelEvent,naming,c22e23116ec8ba25a81625c107f1982cd776b21e,FALSE,FALSE,TRUE,TRUE,6,10058,18225,7413,23933,2717.113762
https://github.com/wildfly/wildfly,b19048b72669fc0e96665b1b125dc1fda21f5993,naming,org.jboss.as.naming.NamingEventCoordinatorTestCase.testFireObjectEvent,FALSE,9c10ceeda73d1d510a7c160467ac3d8c02dc109f,org.jboss.as.naming.NamingEventCoordinatorTestCase.testFireObjectEvent,naming,c22e23116ec8ba25a81625c107f1982cd776b21e,FALSE,FALSE,TRUE,TRUE,6,10058,18225,7413,23933,2717.113762
https://github.com/wildfly/wildfly,b19048b72669fc0e96665b1b125dc1fda21f5993,naming,org.jboss.as.naming.NamingEventCoordinatorTestCase.testFireOneLevelEvent,TRUE,9c10ceeda73d1d510a7c160467ac3d8c02dc109f,org.jboss.as.naming.NamingEventCoordinatorTestCase.testFireOneLevelEvent,naming,9c10ceeda73d1d510a7c160467ac3d8c02dc109f,,,,,,,,,,
https://github.com/wildfly/wildfly,b19048b72669fc0e96665b1b125dc1fda21f5993,naming,org.jboss.as.naming.NamingEventCoordinatorTestCase.testFireSubTreeEvent,TRUE,9c10ceeda73d1d510a7c160467ac3d8c02dc109f,org.jboss.as.naming.NamingEventCoordinatorTestCase.testFireSubTreeEvent,naming,9c10ceeda73d1d510a7c160467ac3d8c02dc109f,,,,,,,,,,
https://github.com/wildfly/wildfly,b19048b72669fc0e96665b1b125dc1fda21f5993,naming,org.jboss.as.naming.ObjectFactoryTestCase.testBindAndRetrieveObjectFactoryFromInitialContext,FALSE,a5b582aecaf36cda29b39edfa0d44c0800e36c1a,org.jboss.as.naming.ObjectFactoryTestCase.testBindAndRetrieveObjectFactoryFromInitialContext,naming,c22e23116ec8ba25a81625c107f1982cd776b21e,FALSE,FALSE,TRUE,TRUE,30,9929,17810,7301,23448,2647.838449
https://github.com/wildfly/wildfly,b19048b72669fc0e96665b1b125dc1fda21f5993,naming,org.jboss.as.naming.ObjectFactoryTestCase.testBindAndRetrieveObjectFactoryFromNamingContext,FALSE,a5b582aecaf36cda29b39edfa0d44c0800e36c1a,org.jboss.as.naming.ObjectFactoryTestCase.testBindAndRetrieveObjectFactoryFromNamingContext,naming,c22e23116ec8ba25a81625c107f1982cd776b21e,FALSE,FALSE,TRUE,TRUE,30,9929,17810,7301,23448,2647.838449
https://github.com/wildfly/wildfly,b19048b72669fc0e96665b1b125dc1fda21f5993,naming,org.jboss.as.naming.subsystem.NamingSubsystemTestCase.testCompositeBindingOps,FALSE,34ed80a068e7e4c680ebbcb54d03c7cc5e38acd9,org.jboss.as.naming.subsystem.NamingSubsystemTestCase.testCompositeBindingOps,naming,c22e23116ec8ba25a81625c107f1982cd776b21e,FALSE,FALSE,TRUE,TRUE,51,1228,1526,1056,2273,332.9505324
https://github.com/wildfly/wildfly,b19048b72669fc0e96665b1b125dc1fda21f5993,naming,org.jboss.as.naming.subsystem.NamingSubsystemTestCase.testCompositeBindingUpdate,FALSE,34ed80a068e7e4c680ebbcb54d03c7cc5e38acd9,org.jboss.as.naming.subsystem.NamingSubsystemTestCase.testCompositeBindingUpdate,naming,c22e23116ec8ba25a81625c107f1982cd776b21e,FALSE,FALSE,TRUE,TRUE,51,1228,1526,1056,2273,332.9505324
https://github.com/wildfly/wildfly,b19048b72669fc0e96665b1b125dc1fda21f5993,naming,org.jboss.as.naming.subsystem.NamingSubsystemTestCase.testOnlyExternalContextAllowsCache,FALSE,767362577e3377f8f607c38a6d616ba3ed2b02e0,org.jboss.as.naming.subsystem.NamingSubsystemTestCase.testOnlyExternalContextAllowsCache,naming,c22e23116ec8ba25a81625c107f1982cd776b21e,FALSE,FALSE,TRUE,TRUE,75,5575,8017,4912,10816,1554.38787
https://github.com/wildfly/wildfly,b19048b72669fc0e96665b1b125dc1fda21f5993,naming,org.jboss.as.naming.subsystem.NamingSubsystemTestCase.testRejectionsEAP6,FALSE,d962cc64ada77eb028abee5f70fb64d745e7677a,org.jboss.as.naming.subsystem.NamingSubsystemTestCase.testRejectionsEAP6,naming,c22e23116ec8ba25a81625c107f1982cd776b21e,FALSE,FALSE,TRUE,TRUE,23,596,651,512,1056,220.0508565
https://github.com/wildfly/wildfly,b19048b72669fc0e96665b1b125dc1fda21f5993,naming,org.jboss.as.naming.subsystem.NamingSubsystemTestCase.testRejectionsEAP7,FALSE,d962cc64ada77eb028abee5f70fb64d745e7677a,org.jboss.as.naming.subsystem.NamingSubsystemTestCase.testRejectionsEAP7,naming,c22e23116ec8ba25a81625c107f1982cd776b21e,FALSE,FALSE,TRUE,TRUE,23,596,651,512,1056,220.0508565
https://github.com/zalando/riptide,8277e11fc069d8e24df0d233ef2577cc75659b75,riptide-spring-boot-starter,org.zalando.riptide.spring.metrics.MetricsTest.shouldRecordRequests,TRUE,08442067c28edac82cc4a0a0bcc71c423c825600,org.zalando.riptide.spring.metrics.MetricsTest.shouldRecordRequests,riptide-spring-boot-starter,08442067c28edac82cc4a0a0bcc71c423c825600,,,,,,,,,,
https://github.com/zalando/riptide,8277e11fc069d8e24df0d233ef2577cc75659b75,riptide-spring-boot-starter,org.zalando.riptide.spring.metrics.MetricsTest.shouldRecordRetries,FALSE,109691ae7d325e73769dbaa02bfb3244b2e30c32,org.zalando.riptide.spring.metrics.MetricsTest.shouldRecordRetries,riptide-spring-boot-starter,dec55f1dd13a8a410dffdc0dc15af785361a11e6,TRUE,TRUE,TRUE,FALSE,2,7,8,7,12,1.343391204
https://github.com/apache/incubator-dubbo,737f7a7ea67832d7f17517326fb2491d0a086dd7,dubbo-config/dubbo-config-spring,org.apache.dubbo.config.spring.extension.SpringExtensionFactoryTest.testGetExtensionByTypeMultiple,TRUE,5f5fecd68e209c79a7f9ac382b95296713c77bea,com.alibaba.dubbo.config.spring.extension.SpringExtensionFactoryTest.testGetExtensionByTypeMultiple,dubbo-config/dubbo-config-spring,5f5fecd68e209c79a7f9ac382b95296713c77bea,,,,,,,,,,
https://github.com/davidmoten/rxjava2-extras,d0315b6ecb0d24437ec0d440b6d768e89247d56c,.,com.github.davidmoten.rx2.buffertofile.FlowableOnBackpressureBufferToFileTest.testCancelObservable,TRUE,95376055f85d935a363902b83dd60e71baa56f30,com.github.davidmoten.rx2.internal.flowable.FlowableOnBackpressureBufferToFileTest.testCancelObservable,.,95376055f85d935a363902b83dd60e71baa56f30,,,,,,,,,,
https://github.com/elasticjob/elastic-job-lite,b022898ef1b8c984e17efb2a422ee45f6b13e46e,elastic-job-lite-core,io.elasticjob.lite.event.rdb.JobEventRdbSearchTest.assertFindJobExecutionEventsWithTime,TRUE,6954fb77a497c03c725b952e9e24511a001317eb,com.dangdang.ddframe.job.event.rdb.JobEventRdbSearchTest.assertFindJobExecutionEventsWithTime,elastic-job-common/elastic-job-common-core,6954fb77a497c03c725b952e9e24511a001317eb,,,,,,,,,,
https://github.com/elasticjob/elastic-job-lite,b022898ef1b8c984e17efb2a422ee45f6b13e46e,elastic-job-lite-core,io.elasticjob.lite.event.rdb.JobEventRdbSearchTest.assertFindJobStatusTraceEventsWithTime,TRUE,6954fb77a497c03c725b952e9e24511a001317eb,com.dangdang.ddframe.job.event.rdb.JobEventRdbSearchTest.assertFindJobStatusTraceEventsWithTime,elastic-job-common/elastic-job-common-core,6954fb77a497c03c725b952e9e24511a001317eb,,,,,,,,,,
https://github.com/fluent/fluent-logger-java,da14ec349bf0904da9865940b57b87563616ee04,.,org.fluentd.logger.TestFluentLogger.testClose,TRUE,87e957ae22ff470ccc66f68b16f279044b7ee47f,org.fluentd.logger.TestFluentLogger.testClose,.,87e957ae22ff470ccc66f68b16f279044b7ee47f,,,,,,,,,,
https://github.com/querydsl/querydsl,2bf234caf78549813a1e0f44d9c30ecc5ef734e3,querydsl-hibernate-search,com.querydsl.hibernate.search.SearchQueryTest.singleResult,TRUE,2c195ffa621b6382397342f72b9d2f530eb7ccfe,com.querydsl.hibernate.search.SearchQueryTest.singleResult,querydsl-hibernate-search,2c195ffa621b6382397342f72b9d2f530eb7ccfe,,,,,,,,,,
https://github.com/wro4j/wro4j,185ab607f1d649ca38b4a772831ee754cd4649fb,wro4j-extensions,ro.isdc.wro.extensions.processor.TestBourbonCssProcessor.shouldBeThreadSafe,TRUE,96b2f43cef6223d8bb22f0d5cd5db931e50786b8,ro.isdc.wro.extensions.processor.TestBourbonCssProcessor.shouldBeThreadSafe,wro4j-extensions,96b2f43cef6223d8bb22f0d5cd5db931e50786b8,,,,,,,,,,
https://github.com/wro4j/wro4j,185ab607f1d649ca38b4a772831ee754cd4649fb,wro4j-extensions,ro.isdc.wro.extensions.processor.TestRubySassCssProcessor.shouldBeThreadSafeWhenInitializingProcessor,TRUE,0cc9efe5e71fd2cafa8d64708433fd8daff21dbb,ro.isdc.wro.extensions.processor.TestRubySassCssProcessor.shouldBeThreadSafeWhenInitializingProcessor,wro4j-extensions,0cc9efe5e71fd2cafa8d64708433fd8daff21dbb,,,,,,,,,,
